Comunidad;Año;Labor;Totales;Unidades
Andalucía;2019;CIGARRILLOS;1111493826;euros
Andalucía;2019;CIGARROS;40894214;euros
Andalucía;2019;P. LIAR;106317108;euros
Andalucía;2019;P. PIPA;23425690;euros
Aragón;2019;CIGARRILLOS;215391716;euros
Aragón;2019;CIGARROS;11525573;euros
Aragón;2019;P. LIAR;18348184;euros
Aragón;2019;P. PIPA;1782041;euros
Asturias (Principado de);2019;CIGARRILLOS;159649780;euros
Asturias (Principado de);2019;CIGARROS;10110856;euros
Asturias (Principado de);2019;P. LIAR;12142494;euros
Asturias (Principado de);2019;P. PIPA;1270181;euros
Balears (Illes);2019;CIGARRILLOS;279207159;euros
Balears (Illes);2019;CIGARROS;9807142;euros
Balears (Illes);2019;P. LIAR;37317853;euros
Balears (Illes);2019;P. PIPA;4295754;euros
Cantabria;2019;CIGARRILLOS;94568373;euros
Cantabria;2019;CIGARROS;6242967;euros
Cantabria;2019;P. LIAR;7429107;euros
Cantabria;2019;P. PIPA;675471;euros
Castilla y León;2019;CIGARRILLOS;361223576;euros
Castilla y León;2019;CIGARROS;24683518;euros
Castilla y León;2019;P. LIAR;27936677;euros
Castilla y León;2019;P. PIPA;3158366;euros
Castilla-La Mancha;2019;CIGARRILLOS;312713802;euros
Castilla-La Mancha;2019;CIGARROS;12358221;euros
Castilla-La Mancha;2019;P. LIAR;25140601;euros
Castilla-La Mancha;2019;P. PIPA;3083725;euros
Cataluña;2019;CIGARRILLOS;1329083437;euros
Cataluña;2019;CIGARROS;60413903;euros
Cataluña;2019;P. LIAR;163541412;euros
Cataluña;2019;P. PIPA;20432291;euros
Comunidad Valenciana;2019;CIGARRILLOS;843291981;euros
Comunidad Valenciana;2019;CIGARROS;32034931;euros
Comunidad Valenciana;2019;P. LIAR;105084352;euros
Comunidad Valenciana;2019;P. PIPA;13458905;euros
Extremadura;2019;CIGARRILLOS;162943283;euros
Extremadura;2019;CIGARROS;7344837;euros
Extremadura;2019;P. LIAR;13208586;euros
Extremadura;2019;P. PIPA;1895649;euros
Galicia;2019;CIGARRILLOS;382486175;euros
Galicia;2019;CIGARROS;18805882;euros
Galicia;2019;P. LIAR;31291742;euros
Galicia;2019;P. PIPA;2645714;euros
Madrid (Comunidad de);2019;CIGARRILLOS;855345109;euros
Madrid (Comunidad de);2019;CIGARROS;31751242;euros
Madrid (Comunidad de);2019;P. LIAR;72419561;euros
Madrid (Comunidad de);2019;P. PIPA;17249147;euros
Murcia (Región de);2019;CIGARRILLOS;234881782;euros
Murcia (Región de);2019;CIGARROS;7520343;euros
Murcia (Región de);2019;P. LIAR;19016039;euros
Murcia (Región de);2019;P. PIPA;3434030;euros
Navarra (Comunidad Foral de);2019;CIGARRILLOS;149253430;euros
Navarra (Comunidad Foral de);2019;CIGARROS;8406101;euros
Navarra (Comunidad Foral de);2019;P. LIAR;16343491;euros
Navarra (Comunidad Foral de);2019;P. PIPA;827170;euros
País Vasco;2019;CIGARRILLOS;364898308;euros
País Vasco;2019;CIGARROS;27958834;euros
País Vasco;2019;P. LIAR;31079469;euros
País Vasco;2019;P. PIPA;2991301;euros
Rioja (La);2019;CIGARRILLOS;48322521;euros
Rioja (La);2019;CIGARROS;4276874;euros
Rioja (La);2019;P. LIAR;3094387;euros
Rioja (La);2019;P. PIPA;283348;euros
Andalucía;2019;CIGARRILLOS;244009166;unidades
Andalucía;2019;CIGARROS;198037122;unidades
Andalucía;2019;P. LIAR;616058;unidades
Andalucía;2019;P. PIPA;250976;unidades
Aragón;2019;CIGARRILLOS;47527766;unidades
Aragón;2019;CIGARROS;55522908;unidades
Aragón;2019;P. LIAR;106171;unidades
Aragón;2019;P. PIPA;13578;unidades
Asturias (Principado de);2019;CIGARRILLOS;35079769;unidades
Asturias (Principado de);2019;CIGARROS;49784608;unidades
Asturias (Principado de);2019;P. LIAR;70615;unidades
Asturias (Principado de);2019;P. PIPA;7901;unidades
Balears (Illes);2019;CIGARRILLOS;60664021;unidades
Balears (Illes);2019;CIGARROS;32542529;unidades
Balears (Illes);2019;P. LIAR;214878;unidades
Balears (Illes);2019;P. PIPA;23014;unidades
Cantabria;2019;CIGARRILLOS;20669680;unidades
Cantabria;2019;CIGARROS;28984892;unidades
Cantabria;2019;P. LIAR;43114;unidades
Cantabria;2019;P. PIPA;3725;unidades
Castilla y León;2019;CIGARRILLOS;79129249;unidades
Castilla y León;2019;CIGARROS;102221041;unidades
Castilla y León;2019;P. LIAR;162150;unidades
Castilla y León;2019;P. PIPA;23764;unidades
Castilla-La Mancha;2019;CIGARRILLOS;69154934;unidades
Castilla-La Mancha;2019;CIGARROS;62461931;unidades
Castilla-La Mancha;2019;P. LIAR;145896;unidades
Castilla-La Mancha;2019;P. PIPA;28742;unidades
Cataluña;2019;CIGARRILLOS;290786672;unidades
Cataluña;2019;CIGARROS;230497603;unidades
Cataluña;2019;P. LIAR;945035;unidades
Cataluña;2019;P. PIPA;201132;unidades
Comunidad Valenciana;2019;CIGARRILLOS;187617951;unidades
Comunidad Valenciana;2019;CIGARROS;160016755;unidades
Comunidad Valenciana;2019;P. LIAR;607330;unidades
Comunidad Valenciana;2019;P. PIPA;104319;unidades
Extremadura;2019;CIGARRILLOS;36095604;unidades
Extremadura;2019;CIGARROS;39363832;unidades
Extremadura;2019;P. LIAR;76778;unidades
Extremadura;2019;P. PIPA;20468;unidades
Galicia;2019;CIGARRILLOS;84087684;unidades
Galicia;2019;CIGARROS;93555204;unidades
Galicia;2019;P. LIAR;182190;unidades
Galicia;2019;P. PIPA;18022;unidades
Madrid (Comunidad de);2019;CIGARRILLOS;188226490;unidades
Madrid (Comunidad de);2019;CIGARROS;113210675;unidades
Madrid (Comunidad de);2019;P. LIAR;420809;unidades
Madrid (Comunidad de);2019;P. PIPA;92181;unidades
Murcia (Región de);2019;CIGARRILLOS;51445851;unidades
Murcia (Región de);2019;CIGARROS;35341552;unidades
Murcia (Región de);2019;P. LIAR;110139;unidades
Murcia (Región de);2019;P. PIPA;25090;unidades
Navarra (Comunidad Foral de);2019;CIGARRILLOS;32819949;unidades
Navarra (Comunidad Foral de);2019;CIGARROS;31981178;unidades
Navarra (Comunidad Foral de);2019;P. LIAR;93969;unidades
Navarra (Comunidad Foral de);2019;P. PIPA;7488;unidades
País Vasco;2019;CIGARRILLOS;79479911;unidades
País Vasco;2019;CIGARROS;98702305;unidades
País Vasco;2019;P. LIAR;179422;unidades
País Vasco;2019;P. PIPA;25751;unidades
Rioja (La);2019;CIGARRILLOS;10604587;unidades
Rioja (La);2019;CIGARROS;16369869;unidades
Rioja (La);2019;P. LIAR;17966;unidades
Rioja (La);2019;P. PIPA;2270;unidades
Andalucía;2018;CIGARRILLOS;1599326881;euros
Andalucía;2018;CIGARROS;61471264;euros
Andalucía;2018;P. LIAR;152828472;euros
Andalucía;2018;P. PIPA;26031250;euros
Aragón;2018;CIGARRILLOS;321626564;euros
Aragón;2018;CIGARROS;17785814;euros
Aragón;2018;P. LIAR;26731782;euros
Aragón;2018;P. PIPA;1975295;euros
Asturias (Principado de);2018;CIGARRILLOS;242619326;euros
Asturias (Principado de);2018;CIGARROS;15724751;euros
Asturias (Principado de);2018;P. LIAR;18419633;euros
Asturias (Principado de);2018;P. PIPA;1423138;euros
Balears (Illes);2018;CIGARRILLOS;406311721;euros
Balears (Illes);2018;CIGARROS;14849931;euros
Balears (Illes);2018;P. LIAR;53654470;euros
Balears (Illes);2018;P. PIPA;3759448;euros
Cantabria;2018;CIGARRILLOS;140411619;euros
Cantabria;2018;CIGARROS;9549742;euros
Cantabria;2018;P. LIAR;11003391;euros
Cantabria;2018;P. PIPA;700446;euros
Castilla y León;2018;CIGARRILLOS;539361109;euros
Castilla y León;2018;CIGARROS;37670925;euros
Castilla y León;2018;P. LIAR;41731470;euros
Castilla y León;2018;P. PIPA;3808766;euros
Castilla-La Mancha;2018;CIGARRILLOS;461343706;euros
Castilla-La Mancha;2018;CIGARROS;18813918;euros
Castilla-La Mancha;2018;P. LIAR;37823211;euros
Castilla-La Mancha;2018;P. PIPA;3715020;euros
Cataluña;2018;CIGARRILLOS;1921356168;euros
Cataluña;2018;CIGARROS;92101863;euros
Cataluña;2018;P. LIAR;232671731;euros
Cataluña;2018;P. PIPA;18144873;euros
Comunidad Valenciana;2018;CIGARRILLOS;1246499142;euros
Comunidad Valenciana;2018;CIGARROS;48388617;euros
Comunidad Valenciana;2018;P. LIAR;155406472;euros
Comunidad Valenciana;2018;P. PIPA;14925270;euros
Extremadura;2018;CIGARRILLOS;241091160;euros
Extremadura;2018;CIGARROS;11336654;euros
Extremadura;2018;P. LIAR;19551795;euros
Extremadura;2018;P. PIPA;2238164;euros
Galicia;2018;CIGARRILLOS;571963422;euros
Galicia;2018;CIGARROS;28531697;euros
Galicia;2018;P. LIAR;46837146;euros
Galicia;2018;P. PIPA;2902805;euros
Madrid (Comunidad de);2018;CIGARRILLOS;1298927749;euros
Madrid (Comunidad de);2018;CIGARROS;48755958;euros
Madrid (Comunidad de);2018;P. LIAR;108430057;euros
Madrid (Comunidad de);2018;P. PIPA;18030201;euros
Murcia (Región de);2018;CIGARRILLOS;353060790;euros
Murcia (Región de);2018;CIGARROS;11470998;euros
Murcia (Región de);2018;P. LIAR;28239773;euros
Murcia (Región de);2018;P. PIPA;3527217;euros
Navarra (Comunidad Foral de);2018;CIGARRILLOS;211383270;euros
Navarra (Comunidad Foral de);2018;CIGARROS;12425678;euros
Navarra (Comunidad Foral de);2018;P. LIAR;21969699;euros
Navarra (Comunidad Foral de);2018;P. PIPA;919676;euros
País Vasco;2018;CIGARRILLOS;538940665;euros
País Vasco;2018;CIGARROS;42815739;euros
País Vasco;2018;P. LIAR;42609382;euros
País Vasco;2018;P. PIPA;2658304;euros
Rioja (La);2018;CIGARRILLOS;72773625;euros
Rioja (La);2018;CIGARROS;6549154;euros
Rioja (La);2018;P. LIAR;4671758;euros
Rioja (La);2018;P. PIPA;377817;euros
Andalucía;2018;CIGARRILLOS;350331256;unidades
Andalucía;2018;CIGARROS;304025949;unidades
Andalucía;2018;P. LIAR;886685;unidades
Andalucía;2018;P. PIPA;281044;unidades
Aragón;2018;CIGARRILLOS;70898916;unidades
Aragón;2018;CIGARROS;86367515;unidades
Aragón;2018;P. LIAR;155059;unidades
Aragón;2018;P. PIPA;17072;unidades
Asturias (Principado de);2018;CIGARRILLOS;53249787;unidades
Asturias (Principado de);2018;CIGARROS;77265229;unidades
Asturias (Principado de);2018;P. LIAR;107198;unidades
Asturias (Principado de);2018;P. PIPA;10417;unidades
Balears (Illes);2018;CIGARRILLOS;88262042;unidades
Balears (Illes);2018;CIGARROS;50552406;unidades
Balears (Illes);2018;P. LIAR;309239;unidades
Balears (Illes);2018;P. PIPA;25013;unidades
Cantabria;2018;CIGARRILLOS;30651824;unidades
Cantabria;2018;CIGARROS;44467983;unidades
Cantabria;2018;P. LIAR;63945;unidades
Cantabria;2018;P. PIPA;4966;unidades
Castilla y León;2018;CIGARRILLOS;118004181;unidades
Castilla y León;2018;CIGARROS;157236106;unidades
Castilla y León;2018;P. LIAR;242661;unidades
Castilla y León;2018;P. PIPA;32662;unidades
Castilla-La Mancha;2018;CIGARRILLOS;101741005;unidades
Castilla-La Mancha;2018;CIGARROS;96196393;unidades
Castilla-La Mancha;2018;P. LIAR;219868;unidades
Castilla-La Mancha;2018;P. PIPA;37792;unidades
Cataluña;2018;CIGARRILLOS;420229481;unidades
Cataluña;2018;CIGARROS;352815249;unidades
Cataluña;2018;P. LIAR;1347221;unidades
Cataluña;2018;P. PIPA;170347;unidades
Comunidad Valenciana;2018;CIGARRILLOS;276757572;unidades
Comunidad Valenciana;2018;CIGARROS;244501896;unidades
Comunidad Valenciana;2018;P. LIAR;899064;unidades
Comunidad Valenciana;2018;P. PIPA;128589;unidades
Extremadura;2018;CIGARRILLOS;53298122;unidades
Extremadura;2018;CIGARROS;61274251;unidades
Extremadura;2018;P. LIAR;113851;unidades
Extremadura;2018;P. PIPA;23835;unidades
Galicia;2018;CIGARRILLOS;125587069;unidades
Galicia;2018;CIGARROS;142880737;unidades
Galicia;2018;P. LIAR;272905;unidades
Galicia;2018;P. PIPA;23753;unidades
Madrid (Comunidad de);2018;CIGARRILLOS;285251875;unidades
Madrid (Comunidad de);2018;CIGARROS;176892723;unidades
Madrid (Comunidad de);2018;P. LIAR;630979;unidades
Madrid (Comunidad de);2018;P. PIPA;106018;unidades
Murcia (Región de);2018;CIGARRILLOS;77216043;unidades
Murcia (Región de);2018;CIGARROS;54057922;unidades
Murcia (Región de);2018;P. LIAR;163814;unidades
Murcia (Región de);2018;P. PIPA;27673;unidades
Navarra (Comunidad Foral de);2018;CIGARRILLOS;46469481;unidades
Navarra (Comunidad Foral de);2018;CIGARROS;47667073;unidades
Navarra (Comunidad Foral de);2018;P. LIAR;126612;unidades
Navarra (Comunidad Foral de);2018;P. PIPA;7952;unidades
País Vasco;2018;CIGARRILLOS;117312935;unidades
País Vasco;2018;CIGARROS;151900796;unidades
País Vasco;2018;P. LIAR;246471;unidades
País Vasco;2018;P. PIPA;20987;unidades
Rioja (La);2018;CIGARRILLOS;15943138;unidades
Rioja (La);2018;CIGARROS;25116285;unidades
Rioja (La);2018;P. LIAR;27165;unidades
Rioja (La);2018;P. PIPA;3206;unidades
Andalucía;2017;CIGARRILLOS;353765099;unidades
Andalucía;2017;CIGARROS;314046155;unidades
Andalucía;2017;P. LIAR;874441;unidades
Andalucía;2017;P. PIPA;238412;unidades
Aragón;2017;CIGARRILLOS;70773639;unidades
Aragón;2017;CIGARROS;88998661;unidades
Aragón;2017;P. LIAR;155511;unidades
Aragón;2017;P. PIPA;15213;unidades
Asturias (Principado de);2017;CIGARRILLOS;54144592;unidades
Asturias (Principado de);2017;CIGARROS;78830962;unidades
Asturias (Principado de);2017;P. LIAR;109373;unidades
Asturias (Principado de);2017;P. PIPA;8637;unidades
Balears (Illes);2017;CIGARRILLOS;89302842;unidades
Balears (Illes);2017;CIGARROS;52191531;unidades
Balears (Illes);2017;P. LIAR;301240;unidades
Balears (Illes);2017;P. PIPA;22554;unidades
Cantabria;2017;CIGARRILLOS;30688629;unidades
Cantabria;2017;CIGARROS;45632777;unidades
Cantabria;2017;P. LIAR;64098;unidades
Cantabria;2017;P. PIPA;4506;unidades
Castilla y León;2017;CIGARRILLOS;118163400;unidades
Castilla y León;2017;CIGARROS;161955768;unidades
Castilla y León;2017;P. LIAR;246326;unidades
Castilla y León;2017;P. PIPA;30443;unidades
Castilla-La Mancha;2017;CIGARRILLOS;101227177;unidades
Castilla-La Mancha;2017;CIGARROS;99880340;unidades
Castilla-La Mancha;2017;P. LIAR;224083;unidades
Castilla-La Mancha;2017;P. PIPA;37592;unidades
Cataluña;2017;CIGARRILLOS;415171238;unidades
Cataluña;2017;CIGARROS;353794795;unidades
Cataluña;2017;P. LIAR;1281777;unidades
Cataluña;2017;P. PIPA;142295;unidades
Comunidad Valenciana;2017;CIGARRILLOS;277608531;unidades
Comunidad Valenciana;2017;CIGARROS;247446221;unidades
Comunidad Valenciana;2017;P. LIAR;893241;unidades
Comunidad Valenciana;2017;P. PIPA;112867;unidades
Extremadura;2017;CIGARRILLOS;54416287;unidades
Extremadura;2017;CIGARROS;65317514;unidades
Extremadura;2017;P. LIAR;113168;unidades
Extremadura;2017;P. PIPA;20606;unidades
Galicia;2017;CIGARRILLOS;126059512;unidades
Galicia;2017;CIGARROS;148874478;unidades
Galicia;2017;P. LIAR;273885;unidades
Galicia;2017;P. PIPA;20193;unidades
Madrid (Comunidad de);2017;CIGARRILLOS;290229715;unidades
Madrid (Comunidad de);2017;CIGARROS;180941074;unidades
Madrid (Comunidad de);2017;P. LIAR;633001;unidades
Madrid (Comunidad de);2017;P. PIPA;86535;unidades
Murcia (Región de);2017;CIGARRILLOS;78724777;unidades
Murcia (Región de);2017;CIGARROS;53483334;unidades
Murcia (Región de);2017;P. LIAR;163883;unidades
Murcia (Región de);2017;P. PIPA;21568;unidades
Navarra (Comunidad Foral de);2017;CIGARRILLOS;45613370;unidades
Navarra (Comunidad Foral de);2017;CIGARROS;50387267;unidades
Navarra (Comunidad Foral de);2017;P. LIAR;114744;unidades
Navarra (Comunidad Foral de);2017;P. PIPA;6928;unidades
País Vasco;2017;CIGARRILLOS;115446304;unidades
País Vasco;2017;CIGARROS;156071085;unidades
País Vasco;2017;P. LIAR;226164;unidades
País Vasco;2017;P. PIPA;17462;unidades
Rioja (La);2017;CIGARRILLOS;15951283;unidades
Rioja (La);2017;CIGARROS;25546358;unidades
Rioja (La);2017;P. LIAR;27359;unidades
Rioja (La);2017;P. PIPA;2902;unidades
Andalucía;2016;CIGARRILLOS;1635459886;euros
Andalucía;2016;CIGARROS;64488972;euros
Andalucía;2016;P. LIAR;154907232;euros
Andalucía;2016;P. PIPA;13741820;euros
Aragón;2016;CIGARRILLOS;324676537;euros
Aragón;2016;CIGARROS;18854029;euros
Aragón;2016;P. LIAR;27602264;euros
Aragón;2016;P. PIPA;1112374;euros
Asturias (Principado de);2016;CIGARRILLOS;255768011;euros
Asturias (Principado de);2016;CIGARROS;16874097;euros
Asturias (Principado de);2016;P. LIAR;19722061;euros
Asturias (Principado de);2016;P. PIPA;585180;euros
Balears (Illes);2016;CIGARRILLOS;406329516;euros
Balears (Illes);2016;CIGARROS;15674521;euros
Balears (Illes);2016;P. LIAR;53283780;euros
Balears (Illes);2016;P. PIPA;1457884;euros
Cantabria;2016;CIGARRILLOS;143267148;euros
Cantabria;2016;CIGARROS;10076176;euros
Cantabria;2016;P. LIAR;11414806;euros
Cantabria;2016;P. PIPA;339456;euros
Castilla y León;2016;CIGARRILLOS;560444346;euros
Castilla y León;2016;CIGARROS;39350967;euros
Castilla y León;2016;P. LIAR;44057799;euros
Castilla y León;2016;P. PIPA;2182374;euros
Castilla-La Mancha;2016;CIGARRILLOS;465291557;euros
Castilla-La Mancha;2016;CIGARROS;20386512;euros
Castilla-La Mancha;2016;P. LIAR;41410430;euros
Castilla-La Mancha;2016;P. PIPA;2827927;euros
Cataluña;2016;CIGARRILLOS;1909668330;euros
Cataluña;2016;CIGARROS;92833166;euros
Cataluña;2016;P. LIAR;220146695;euros
Cataluña;2016;P. PIPA;8875443;euros
Comunidad Valenciana;2016;CIGARRILLOS;1245297068;euros
Comunidad Valenciana;2016;CIGARROS;49552413;euros
Comunidad Valenciana;2016;P. LIAR;155369759;euros
Comunidad Valenciana;2016;P. PIPA;7921324;euros
Extremadura;2016;CIGARRILLOS;252443783;euros
Extremadura;2016;CIGARROS;12702099;euros
Extremadura;2016;P. LIAR;20546643;euros
Extremadura;2016;P. PIPA;1422573;euros
Galicia;2016;CIGARRILLOS;584354888;euros
Galicia;2016;CIGARROS;30607619;euros
Galicia;2016;P. LIAR;48060399;euros
Galicia;2016;P. PIPA;1348818;euros
Madrid (Comunidad de);2016;CIGARRILLOS;1333668290;euros
Madrid (Comunidad de);2016;CIGARROS;48975680;euros
Madrid (Comunidad de);2016;P. LIAR;112509210;euros
Madrid (Comunidad de);2016;P. PIPA;4802309;euros
Murcia (Región de);2016;CIGARRILLOS;363594452;euros
Murcia (Región de);2016;CIGARROS;11513161;euros
Murcia (Región de);2016;P. LIAR;29736260;euros
Murcia (Región de);2016;P. PIPA;1453851;euros
Navarra (Comunidad Foral de);2016;CIGARRILLOS;214145523;euros
Navarra (Comunidad Foral de);2016;CIGARROS;13172135;euros
Navarra (Comunidad Foral de);2016;P. LIAR;19188264;euros
Navarra (Comunidad Foral de);2016;P. PIPA;447863;euros
País Vasco;2016;CIGARRILLOS;543102855;euros
País Vasco;2016;CIGARROS;44409781;euros
País Vasco;2016;P. LIAR;37880495;euros
País Vasco;2016;P. PIPA;1039490;euros
Rioja (La);2016;CIGARRILLOS;73665141;euros
Rioja (La);2016;CIGARROS;6814936;euros
Rioja (La);2016;P. LIAR;4901083;euros
Rioja (La);2016;P. PIPA;230200;euros
Andalucía;2014;CIGARRILLOS;1546160371;euros
Andalucía;2014;CIGARROS;65841194;euros
Andalucía;2014;P. LIAR;159363981;euros
Andalucía;2014;P. PIPA;13964454;euros
Aragón;2014;CIGARRILLOS;324712563;euros
Aragón;2014;CIGARROS;20176355;euros
Aragón;2014;P. LIAR;30125628;euros
Aragón;2014;P. PIPA;1222180;euros
Asturias (Principado de);2014;CIGARRILLOS;257763686;euros
Asturias (Principado de);2014;CIGARROS;17979579;euros
Asturias (Principado de);2014;P. LIAR;20439309;euros
Asturias (Principado de);2014;P. PIPA;519997;euros
Balears (Illes);2014;CIGARRILLOS;385113675;euros
Balears (Illes);2014;CIGARROS;15727857;euros
Balears (Illes);2014;P. LIAR;48489822;euros
Balears (Illes);2014;P. PIPA;1231927;euros
Cantabria;2014;CIGARRILLOS;143905545;euros
Cantabria;2014;CIGARROS;10902226;euros
Cantabria;2014;P. LIAR;11586834;euros
Cantabria;2014;P. PIPA;345302;euros
Castilla y León;2014;CIGARRILLOS;554458853;euros
Castilla y León;2014;CIGARROS;40581156;euros
Castilla y León;2014;P. LIAR;47243946;euros
Castilla y León;2014;P. PIPA;2661355;euros
Castilla-La Mancha;2014;CIGARRILLOS;475109434;euros
Castilla-La Mancha;2014;CIGARROS;22571821;euros
Castilla-La Mancha;2014;P. LIAR;51947395;euros
Castilla-La Mancha;2014;P. PIPA;4177036;euros
Cataluña;2014;CIGARRILLOS;1914891248;euros
Cataluña;2014;CIGARROS;94553948;euros
Cataluña;2014;P. LIAR;216228455;euros
Cataluña;2014;P. PIPA;7164931;euros
Comunidad Valenciana;2014;CIGARRILLOS;1225746520;euros
Comunidad Valenciana;2014;CIGARROS;51430475;euros
Comunidad Valenciana;2014;P. LIAR;161585603;euros
Comunidad Valenciana;2014;P. PIPA;9874773;euros
Extremadura;2014;CIGARRILLOS;264107007;euros
Extremadura;2014;CIGARROS;14562173;euros
Extremadura;2014;P. LIAR;27096427;euros
Extremadura;2014;P. PIPA;2324317;euros
Galicia;2014;CIGARRILLOS;580149119;euros
Galicia;2014;CIGARROS;32292517;euros
Galicia;2014;P. LIAR;48524348;euros
Galicia;2014;P. PIPA;1193453;euros
Madrid (Comunidad de);2014;CIGARRILLOS;1357184752;euros
Madrid (Comunidad de);2014;CIGARROS;48082698;euros
Madrid (Comunidad de);2014;P. LIAR;121245019;euros
Madrid (Comunidad de);2014;P. PIPA;4109456;euros
Murcia (Región de);2014;CIGARRILLOS;360263132;euros
Murcia (Región de);2014;CIGARROS;12384695;euros
Murcia (Región de);2014;P. LIAR;37825537;euros
Murcia (Región de);2014;P. PIPA;2559131;euros
Navarra (Comunidad Foral de);2014;CIGARRILLOS;217153663;euros
Navarra (Comunidad Foral de);2014;CIGARROS;14147195;euros
Navarra (Comunidad Foral de);2014;P. LIAR;19477043;euros
Navarra (Comunidad Foral de);2014;P. PIPA;384547;euros
País Vasco;2014;CIGARRILLOS;557397276;euros
País Vasco;2014;CIGARROS;47108566;euros
País Vasco;2014;P. LIAR;37913362;euros
País Vasco;2014;P. PIPA;828198;euros
Rioja (La);2014;CIGARRILLOS;72841627;euros
Rioja (La);2014;CIGARROS;7066647;euros
Rioja (La);2014;P. LIAR;5173010;euros
Rioja (La);2014;P. PIPA;286863;euros
Andalucía;2014;CIGARRILLOS;353016261;unidades
Andalucía;2014;CIGARROS;337940882;unidades
Andalucía;2014;P. LIAR;949858;unidades
Andalucía;2014;P. PIPA;187016;unidades
Aragón;2014;CIGARRILLOS;74514077;unidades
Aragón;2014;CIGARROS;99247637;unidades
Aragón;2014;P. LIAR;179943;unidades
Aragón;2014;P. PIPA;15136;unidades
Asturias (Principado de);2014;CIGARRILLOS;58948282;unidades
Asturias (Principado de);2014;CIGARROS;86695438;unidades
Asturias (Principado de);2014;P. LIAR;122063;unidades
Asturias (Principado de);2014;P. PIPA;6336;unidades
Balears (Illes);2014;CIGARRILLOS;87071235;unidades
Balears (Illes);2014;CIGARROS;57017082;unidades
Balears (Illes);2014;P. LIAR;286796;unidades
Balears (Illes);2014;P. PIPA;15773;unidades
Cantabria;2014;CIGARRILLOS;32728786;unidades
Cantabria;2014;CIGARROS;51845477;unidades
Cantabria;2014;P. LIAR;69014;unidades
Cantabria;2014;P. PIPA;4267;unidades
Castilla y León;2014;CIGARRILLOS;126509841;unidades
Castilla y León;2014;CIGARROS;176493935;unidades
Castilla y León;2014;P. LIAR;282075;unidades
Castilla y León;2014;P. PIPA;32682;unidades
Castilla-La Mancha;2014;CIGARRILLOS;109076684;unidades
Castilla-La Mancha;2014;CIGARROS;115616408;unidades
Castilla-La Mancha;2014;P. LIAR;310713;unidades
Castilla-La Mancha;2014;P. PIPA;51840;unidades
Cataluña;2014;CIGARRILLOS;436221182;unidades
Cataluña;2014;CIGARROS;367689598;unidades
Cataluña;2014;P. LIAR;1286500;unidades
Cataluña;2014;P. PIPA;96178;unidades
Comunidad Valenciana;2014;CIGARRILLOS;282785249;unidades
Comunidad Valenciana;2014;CIGARROS;267055698;unidades
Comunidad Valenciana;2014;P. LIAR;961673;unidades
Comunidad Valenciana;2014;P. PIPA;125458;unidades
Extremadura;2014;CIGARRILLOS;60848752;unidades
Extremadura;2014;CIGARROS;81465530;unidades
Extremadura;2014;P. LIAR;162051;unidades
Extremadura;2014;P. PIPA;28020;unidades
Galicia;2014;CIGARRILLOS;132849252;unidades
Galicia;2014;CIGARROS;164090270;unidades
Galicia;2014;P. LIAR;288952;unidades
Galicia;2014;P. PIPA;14431;unidades
Madrid (Comunidad de);2014;CIGARRILLOS;310175931;unidades
Madrid (Comunidad de);2014;CIGARROS;190457054;unidades
Madrid (Comunidad de);2014;P. LIAR;721293;unidades
Madrid (Comunidad de);2014;P. PIPA;55763;unidades
Murcia (Región de);2014;CIGARRILLOS;82156765;unidades
Murcia (Región de);2014;CIGARROS;59628969;unidades
Murcia (Región de);2014;P. LIAR;225392;unidades
Murcia (Región de);2014;P. PIPA;32225;unidades
Navarra (Comunidad Foral de);2014;CIGARRILLOS;49777393;unidades
Navarra (Comunidad Foral de);2014;CIGARROS;53130161;unidades
Navarra (Comunidad Foral de);2014;P. LIAR;116155;unidades
Navarra (Comunidad Foral de);2014;P. PIPA;5092;unidades
País Vasco;2014;CIGARRILLOS;126631915;unidades
País Vasco;2014;CIGARROS;166927005;unidades
País Vasco;2014;P. LIAR;225920;unidades
País Vasco;2014;P. PIPA;11412;unidades
Rioja (La);2014;CIGARRILLOS;16636554;unidades
Rioja (La);2014;CIGARROS;27265432;unidades
Rioja (La);2014;P. LIAR;30792;unidades
Rioja (La);2014;P. PIPA;3637;unidades
Andalucía;2013;CIGARRILLOS;1537526824;euros
Andalucía;2013;CIGARROS;64594956;euros
Andalucía;2013;P. LIAR;174976331;euros
Andalucía;2013;P. PIPA;9164703;euros
Aragón;2013;CIGARRILLOS;322818464;euros
Aragón;2013;CIGARROS;20503541;euros
Aragón;2013;P. LIAR;31407086;euros
Aragón;2013;P. PIPA;796918;euros
Asturias (Principado de);2013;CIGARRILLOS;261094644;euros
Asturias (Principado de);2013;CIGARROS;18099703;euros
Asturias (Principado de);2013;P. LIAR;20838463;euros
Asturias (Principado de);2013;P. PIPA;339466;euros
Balears (Illes);2013;CIGARRILLOS;378315406;euros
Balears (Illes);2013;CIGARROS;15337827;euros
Balears (Illes);2013;P. LIAR;48159586;euros
Balears (Illes);2013;P. PIPA;956452;euros
Cantabria;2013;CIGARRILLOS;143496033;euros
Cantabria;2013;CIGARROS;10968778;euros
Cantabria;2013;P. LIAR;11888419;euros
Cantabria;2013;P. PIPA;251451;euros
Castilla y León;2013;CIGARRILLOS;561937663;euros
Castilla y León;2013;CIGARROS;40722481;euros
Castilla y León;2013;P. LIAR;48858816;euros
Castilla y León;2013;P. PIPA;1998814;euros
Castilla-La Mancha;2013;CIGARRILLOS;474122989;euros
Castilla-La Mancha;2013;CIGARROS;22559743;euros
Castilla-La Mancha;2013;P. LIAR;56568155;euros
Castilla-La Mancha;2013;P. PIPA;2669691;euros
Cataluña;2013;CIGARRILLOS;1903253447;euros
Cataluña;2013;CIGARROS;92993939;euros
Cataluña;2013;P. LIAR;215062944;euros
Cataluña;2013;P. PIPA;6246114;euros
Comunidad Valenciana;2013;CIGARRILLOS;1214711605;euros
Comunidad Valenciana;2013;CIGARROS;50851038;euros
Comunidad Valenciana;2013;P. LIAR;174377929;euros
Comunidad Valenciana;2013;P. PIPA;6472740;euros
Extremadura;2013;CIGARRILLOS;266726421;euros
Extremadura;2013;CIGARROS;14434668;euros
Extremadura;2013;P. LIAR;30500065;euros
Extremadura;2013;P. PIPA;1261620;euros
Galicia;2013;CIGARRILLOS;579517406;euros
Galicia;2013;CIGARROS;32683834;euros
Galicia;2013;P. LIAR;48816740;euros
Galicia;2013;P. PIPA;775957;euros
Madrid (Comunidad de);2013;CIGARRILLOS;1359233890;euros
Madrid (Comunidad de);2013;CIGARROS;47585206;euros
Madrid (Comunidad de);2013;P. LIAR;123054536;euros
Madrid (Comunidad de);2013;P. PIPA;3081016;euros
Murcia (Región de);2013;CIGARRILLOS;363057625;euros
Murcia (Región de);2013;CIGARROS;12299665;euros
Murcia (Región de);2013;P. LIAR;41783971;euros
Murcia (Región de);2013;P. PIPA;1534964;euros
Navarra (Comunidad Foral de);2013;CIGARRILLOS;220531248;euros
Navarra (Comunidad Foral de);2013;CIGARROS;14588202;euros
Navarra (Comunidad Foral de);2013;P. LIAR;19686787;euros
Navarra (Comunidad Foral de);2013;P. PIPA;357534;euros
País Vasco;2013;CIGARRILLOS;558864102;euros
País Vasco;2013;CIGARROS;47563000;euros
País Vasco;2013;P. LIAR;37346616;euros
País Vasco;2013;P. PIPA;751320;euros
Rioja (La);2013;CIGARRILLOS;71865000;euros
Rioja (La);2013;CIGARROS;7175293;euros
Rioja (La);2013;P. LIAR;5351895;euros
Rioja (La);2013;P. PIPA;190351;euros
Andalucía;2013;CIGARRILLOS;357326519;unidades
Andalucía;2013;CIGARROS;340442461;unidades
Andalucía;2013;P. LIAR;1115909;unidades
Andalucía;2013;P. PIPA;138011;unidades
Aragón;2013;CIGARRILLOS;75350070;unidades
Aragón;2013;CIGARROS;102636286;unidades
Aragón;2013;P. LIAR;200276;unidades
Aragón;2013;P. PIPA;10469;unidades
Asturias (Principado de);2013;CIGARRILLOS;60767978;unidades
Asturias (Principado de);2013;CIGARROS;88840338;unidades
Asturias (Principado de);2013;P. LIAR;132627;unidades
Asturias (Principado de);2013;P. PIPA;4255;unidades
Balears (Illes);2013;CIGARRILLOS;86923848;unidades
Balears (Illes);2013;CIGARROS;56949370;unidades
Balears (Illes);2013;P. LIAR;303406;unidades
Balears (Illes);2013;P. PIPA;13561;unidades
Cantabria;2013;CIGARRILLOS;33201794;unidades
Cantabria;2013;CIGARROS;52957882;unidades
Cantabria;2013;P. LIAR;75353;unidades
Cantabria;2013;P. PIPA;3244;unidades
Castilla y León;2013;CIGARRILLOS;130542893;unidades
Castilla y León;2013;CIGARROS;179615855;unidades
Castilla y León;2013;P. LIAR;311124;unidades
Castilla y León;2013;P. PIPA;25337;unidades
Castilla-La Mancha;2013;CIGARRILLOS;110633497;unidades
Castilla-La Mancha;2013;CIGARROS;117794817;unidades
Castilla-La Mancha;2013;P. LIAR;361506;unidades
Castilla-La Mancha;2013;P. PIPA;34584;unidades
Cataluña;2013;CIGARRILLOS;440909598;unidades
Cataluña;2013;CIGARROS;367815949;unidades
Cataluña;2013;P. LIAR;1370346;unidades
Cataluña;2013;P. PIPA;102155;unidades
Comunidad Valenciana;2013;CIGARRILLOS;284678441;unidades
Comunidad Valenciana;2013;CIGARROS;267620070;unidades
Comunidad Valenciana;2013;P. LIAR;1109854;unidades
Comunidad Valenciana;2013;P. PIPA;85991;unidades
Extremadura;2013;CIGARRILLOS;62472842;unidades
Extremadura;2013;CIGARROS;83020251;unidades
Extremadura;2013;P. LIAR;194735;unidades
Extremadura;2013;P. PIPA;14564;unidades
Galicia;2013;CIGARRILLOS;134969904;unidades
Galicia;2013;CIGARROS;169201790;unidades
Galicia;2013;P. LIAR;309039;unidades
Galicia;2013;P. PIPA;9441;unidades
Madrid (Comunidad de);2013;CIGARRILLOS;315999791;unidades
Madrid (Comunidad de);2013;CIGARROS;190056067;unidades
Madrid (Comunidad de);2013;P. LIAR;781091;unidades
Madrid (Comunidad de);2013;P. PIPA;49889;unidades
Murcia (Región de);2013;CIGARRILLOS;84192136;unidades
Murcia (Región de);2013;CIGARROS;59705815;unidades
Murcia (Región de);2013;P. LIAR;265568;unidades
Murcia (Región de);2013;P. PIPA;21039;unidades
Navarra (Comunidad Foral de);2013;CIGARRILLOS;51449611;unidades
Navarra (Comunidad Foral de);2013;CIGARROS;55319859;unidades
Navarra (Comunidad Foral de);2013;P. LIAR;126499;unidades
Navarra (Comunidad Foral de);2013;P. PIPA;5277;unidades
País Vasco;2013;CIGARRILLOS;129284979;unidades
País Vasco;2013;CIGARROS;169868051;unidades
País Vasco;2013;P. LIAR;238570;unidades
País Vasco;2013;P. PIPA;12249;unidades
Rioja (La);2013;CIGARRILLOS;16709317;unidades
Rioja (La);2013;CIGARROS;27741537;unidades
Rioja (La);2013;P. LIAR;33867;unidades
Rioja (La);2013;P. PIPA;2577;unidades
Andalucía;2012;CIGARRILLOS;1735787971;euros
Andalucía;2012;CIGARROS;59167274;euros
Andalucía;2012;P. LIAR;144293438;euros
Andalucía;2012;P. PIPA;9864285;euros
Aragón;2012;CIGARRILLOS;338348567;euros
Aragón;2012;CIGARROS;18851759;euros
Aragón;2012;P. LIAR;24249271;euros
Aragón;2012;P. PIPA;1014174;euros
Asturias (Principado de);2012;CIGARRILLOS;268048193;euros
Asturias (Principado de);2012;CIGARROS;16550364;euros
Asturias (Principado de);2012;P. LIAR;15434536;euros
Asturias (Principado de);2012;P. PIPA;458697;euros
Balears (Illes);2012;CIGARRILLOS;394494933;euros
Balears (Illes);2012;CIGARROS;14494020;euros
Balears (Illes);2012;P. LIAR;45718532;euros
Balears (Illes);2012;P. PIPA;1057981;euros
Cantabria;2012;CIGARRILLOS;149314870;euros
Cantabria;2012;CIGARROS;10078074;euros
Cantabria;2012;P. LIAR;8993061;euros
Cantabria;2012;P. PIPA;322655;euros
Castilla y León;2012;CIGARRILLOS;581240483;euros
Castilla y León;2012;CIGARROS;38130676;euros
Castilla y León;2012;P. LIAR;35680282;euros
Castilla y León;2012;P. PIPA;1974163;euros
Castilla-La Mancha;2012;CIGARRILLOS;503843692;euros
Castilla-La Mancha;2012;CIGARROS;20678462;euros
Castilla-La Mancha;2012;P. LIAR;40873252;euros
Castilla-La Mancha;2012;P. PIPA;2417017;euros
Cataluña;2012;CIGARRILLOS;1997772835;euros
Cataluña;2012;CIGARROS;88293928;euros
Cataluña;2012;P. LIAR;172940507;euros
Cataluña;2012;P. PIPA;6549684;euros
Comunidad Valenciana;2012;CIGARRILLOS;1282685158;euros
Comunidad Valenciana;2012;CIGARROS;45868003;euros
Comunidad Valenciana;2012;P. LIAR;148270566;euros
Comunidad Valenciana;2012;P. PIPA;7395721;euros
Extremadura;2012;CIGARRILLOS;285868343;euros
Extremadura;2012;CIGARROS;12845496;euros
Extremadura;2012;P. LIAR;21551258;euros
Extremadura;2012;P. PIPA;1285962;euros
Galicia;2012;CIGARRILLOS;586168218;euros
Galicia;2012;CIGARROS;29249140;euros
Galicia;2012;P. LIAR;35916580;euros
Galicia;2012;P. PIPA;935386;euros
Madrid (Comunidad de);2012;CIGARRILLOS;1425136876;euros
Madrid (Comunidad de);2012;CIGARROS;45547263;euros
Madrid (Comunidad de);2012;P. LIAR;92049343;euros
Madrid (Comunidad de);2012;P. PIPA;3700435;euros
Murcia (Región de);2012;CIGARRILLOS;376402464;euros
Murcia (Región de);2012;CIGARROS;11099331;euros
Murcia (Región de);2012;P. LIAR;31020044;euros
Murcia (Región de);2012;P. PIPA;1767431;euros
Navarra (Comunidad Foral de);2012;CIGARRILLOS;229788331;euros
Navarra (Comunidad Foral de);2012;CIGARROS;13797608;euros
Navarra (Comunidad Foral de);2012;P. LIAR;16330960;euros
Navarra (Comunidad Foral de);2012;P. PIPA;398481;euros
País Vasco;2012;CIGARRILLOS;573210850;euros
País Vasco;2012;CIGARROS;45997329;euros
País Vasco;2012;P. LIAR;29545165;euros
País Vasco;2012;P. PIPA;746529;euros
Rioja (La);2012;CIGARRILLOS;71765721;euros
Rioja (La);2012;CIGARROS;6747525;euros
Rioja (La);2012;P. LIAR;3807739;euros
Rioja (La);2012;P. PIPA;167634;euros
Andalucía;2012;CIGARRILLOS;430355030;unidades
Andalucía;2012;CIGARROS;332744747;unidades
Andalucía;2012;P. LIAR;1084878;unidades
Andalucía;2012;P. PIPA;229567;unidades
Aragón;2012;CIGARRILLOS;83938465;unidades
Aragón;2012;CIGARROS;99275764;unidades
Aragón;2012;P. LIAR;182924;unidades
Aragón;2012;P. PIPA;22008;unidades
Asturias (Principado de);2012;CIGARRILLOS;66421497;unidades
Asturias (Principado de);2012;CIGARROS;84149043;unidades
Asturias (Principado de);2012;P. LIAR;116078;unidades
Asturias (Principado de);2012;P. PIPA;8675;unidades
Balears (Illes);2012;CIGARRILLOS;96144941;unidades
Balears (Illes);2012;CIGARROS;55005109;unidades
Balears (Illes);2012;P. LIAR;341179;unidades
Balears (Illes);2012;P. PIPA;20360;unidades
Cantabria;2012;CIGARRILLOS;36718431;unidades
Cantabria;2012;CIGARROS;50890009;unidades
Cantabria;2012;P. LIAR;67335;unidades
Cantabria;2012;P. PIPA;6497;unidades
Castilla y León;2012;CIGARRILLOS;143602578;unidades
Castilla y León;2012;CIGARROS;169785454;unidades
Castilla y León;2012;P. LIAR;267586;unidades
Castilla y León;2012;P. PIPA;42590;unidades
Castilla-La Mancha;2012;CIGARRILLOS;125036371;unidades
Castilla-La Mancha;2012;CIGARROS;112580412;unidades
Castilla-La Mancha;2012;P. LIAR;307527;unidades
Castilla-La Mancha;2012;P. PIPA;55243;unidades
Cataluña;2012;CIGARRILLOS;491919032;unidades
Cataluña;2012;CIGARROS;351577851;unidades
Cataluña;2012;P. LIAR;1306343;unidades
Cataluña;2012;P. PIPA;141427;unidades
Comunidad Valenciana;2012;CIGARRILLOS;319849619;unidades
Comunidad Valenciana;2012;CIGARROS;257151913;unidades
Comunidad Valenciana;2012;P. LIAR;1115418;unidades
Comunidad Valenciana;2012;P. PIPA;160561;unidades
Extremadura;2012;CIGARRILLOS;71301254;unidades
Extremadura;2012;CIGARROS;78521606;unidades
Extremadura;2012;P. LIAR;162553;unidades
Extremadura;2012;P. PIPA;27408;unidades
Galicia;2012;CIGARRILLOS;145360996;unidades
Galicia;2012;CIGARROS;159218570;unidades
Galicia;2012;P. LIAR;269197;unidades
Galicia;2012;P. PIPA;17951;unidades
Madrid (Comunidad de);2012;CIGARRILLOS;352142101;unidades
Madrid (Comunidad de);2012;CIGARROS;177757148;unidades
Madrid (Comunidad de);2012;P. LIAR;688233;unidades
Madrid (Comunidad de);2012;P. PIPA;83719;unidades
Murcia (Región de);2012;CIGARRILLOS;92825640;unidades
Murcia (Región de);2012;CIGARROS;53923272;unidades
Murcia (Región de);2012;P. LIAR;232462;unidades
Murcia (Región de);2012;P. PIPA;40610;unidades
Navarra (Comunidad Foral de);2012;CIGARRILLOS;57127914;unidades
Navarra (Comunidad Foral de);2012;CIGARROS;52239729;unidades
Navarra (Comunidad Foral de);2012;P. LIAR;125530;unidades
Navarra (Comunidad Foral de);2012;P. PIPA;8089;unidades
País Vasco;2012;CIGARRILLOS;141257213;unidades
País Vasco;2012;CIGARROS;162342402;unidades
País Vasco;2012;P. LIAR;224183;unidades
País Vasco;2012;P. PIPA;15338;unidades
Rioja (La);2012;CIGARRILLOS;17731639;unidades
Rioja (La);2012;CIGARROS;25957626;unidades
Rioja (La);2012;P. LIAR;28402;unidades
Rioja (La);2012;P. PIPA;3756;unidades
Andalucía;2011;CIGARRILLOS;1912502841;euros
Andalucía;2011;CIGARROS;50529532;euros
Andalucía;2011;P. LIAR;97355836;euros
Andalucía;2011;P. PIPA;16832136;euros
Aragón;2011;CIGARRILLOS;351840786;euros
Aragón;2011;CIGARROS;16486082;euros
Aragón;2011;P. LIAR;17558312;euros
Aragón;2011;P. PIPA;1521474;euros
Asturias (Principado de);2011;CIGARRILLOS;271620110;euros
Asturias (Principado de);2011;CIGARROS;14630220;euros
Asturias (Principado de);2011;P. LIAR;11333267;euros
Asturias (Principado de);2011;P. PIPA;700374;euros
Balears (Illes);2011;CIGARRILLOS;407327321;euros
Balears (Illes);2011;CIGARROS;12903623;euros
Balears (Illes);2011;P. LIAR;38507854;euros
Balears (Illes);2011;P. PIPA;1506881;euros
Cantabria;2011;CIGARRILLOS;153486359;euros
Cantabria;2011;CIGARROS;8874757;euros
Cantabria;2011;P. LIAR;6926761;euros
Cantabria;2011;P. PIPA;493134;euros
Castilla y León;2011;CIGARRILLOS;601259847;euros
Castilla y León;2011;CIGARROS;35207074;euros
Castilla y León;2011;P. LIAR;25419976;euros
Castilla y León;2011;P. PIPA;2473763;euros
Castilla-La Mancha;2011;CIGARRILLOS;533822055;euros
Castilla-La Mancha;2011;CIGARROS;18196139;euros
Castilla-La Mancha;2011;P. LIAR;23464906;euros
Castilla-La Mancha;2011;P. PIPA;3608713;euros
Cataluña;2011;CIGARRILLOS;2111159901;euros
Cataluña;2011;CIGARROS;83871137;euros
Cataluña;2011;P. LIAR;138586631;euros
Cataluña;2011;P. PIPA;8329295;euros
Comunidad Valenciana;2011;CIGARRILLOS;1343365151;euros
Comunidad Valenciana;2011;CIGARROS;40028619;euros
Comunidad Valenciana;2011;P. LIAR;104700546;euros
Comunidad Valenciana;2011;P. PIPA;13197993;euros
Extremadura;2011;CIGARRILLOS;301109608;euros
Extremadura;2011;CIGARROS;10992638;euros
Extremadura;2011;P. LIAR;12280040;euros
Extremadura;2011;P. PIPA;1883250;euros
Galicia;2011;CIGARRILLOS;594004217;euros
Galicia;2011;CIGARROS;24820939;euros
Galicia;2011;P. LIAR;27046245;euros
Galicia;2011;P. PIPA;1299673;euros
Madrid (Comunidad de);2011;CIGARRILLOS;1452508657;euros
Madrid (Comunidad de);2011;CIGARROS;41539034;euros
Madrid (Comunidad de);2011;P. LIAR;66031007;euros
Madrid (Comunidad de);2011;P. PIPA;4622830;euros
Murcia (Región de);2011;CIGARRILLOS;396197299;euros
Murcia (Región de);2011;CIGARROS;9912239;euros
Murcia (Región de);2011;P. LIAR;18801154;euros
Murcia (Región de);2011;P. PIPA;3335263;euros
Navarra (Comunidad Foral de);2011;CIGARRILLOS;239222933;euros
Navarra (Comunidad Foral de);2011;CIGARROS;13099643;euros
Navarra (Comunidad Foral de);2011;P. LIAR;14286670;euros
Navarra (Comunidad Foral de);2011;P. PIPA;511606;euros
País Vasco;2011;CIGARRILLOS;596514527;euros
País Vasco;2011;CIGARROS;44459546;euros
País Vasco;2011;P. LIAR;26257435;euros
País Vasco;2011;P. PIPA;940912;euros
Rioja (La);2011;CIGARRILLOS;73780205;euros
Rioja (La);2011;CIGARROS;6177282;euros
Rioja (La);2011;P. LIAR;2731502;euros
Rioja (La);2011;P. PIPA;203027;euros
Andalucía;2011;CIGARRILLOS;509446768;unidades
Andalucía;2011;CIGARROS;275465301;unidades
Andalucía;2011;P. LIAR;778668;unidades
Andalucía;2011;P. PIPA;393527;unidades
Aragón;2011;CIGARRILLOS;93826391;unidades
Aragón;2011;CIGARROS;82050077;unidades
Aragón;2011;P. LIAR;141389;unidades
Aragón;2011;P. PIPA;33824;unidades
Asturias (Principado de);2011;CIGARRILLOS;72272313;unidades
Asturias (Principado de);2011;CIGARROS;69948405;unidades
Asturias (Principado de);2011;P. LIAR;91065;unidades
Asturias (Principado de);2011;P. PIPA;14465;unidades
Balears (Illes);2011;CIGARRILLOS;107317301;unidades
Balears (Illes);2011;CIGARROS;43340142;unidades
Balears (Illes);2011;P. LIAR;300334;unidades
Balears (Illes);2011;P. PIPA;31328;unidades
Cantabria;2011;CIGARRILLOS;40610317;unidades
Cantabria;2011;CIGARROS;41046143;unidades
Cantabria;2011;P. LIAR;55427;unidades
Cantabria;2011;P. PIPA;10811;unidades
Castilla y León;2011;CIGARRILLOS;159955412;unidades
Castilla y León;2011;CIGARROS;146028792;unidades
Castilla y León;2011;P. LIAR;204261;unidades
Castilla y León;2011;P. PIPA;54882;unidades
Castilla-La Mancha;2011;CIGARRILLOS;142378673;unidades
Castilla-La Mancha;2011;CIGARROS;93596473;unidades
Castilla-La Mancha;2011;P. LIAR;189772;unidades
Castilla-La Mancha;2011;P. PIPA;82743;unidades
Cataluña;2011;CIGARRILLOS;559575622;unidades
Cataluña;2011;CIGARROS;313545416;unidades
Cataluña;2011;P. LIAR;1114961;unidades
Cataluña;2011;P. PIPA;187776;unidades
Comunidad Valenciana;2011;CIGARRILLOS;359321582;unidades
Comunidad Valenciana;2011;CIGARROS;215630330;unidades
Comunidad Valenciana;2011;P. LIAR;832090;unidades
Comunidad Valenciana;2011;P. PIPA;302323;unidades
Extremadura;2011;CIGARRILLOS;80715744;unidades
Extremadura;2011;CIGARROS;64837448;unidades
Extremadura;2011;P. LIAR;99737;unidades
Extremadura;2011;P. PIPA;41784;unidades
Galicia;2011;CIGARRILLOS;158304677;unidades
Galicia;2011;CIGARROS;128531825;unidades
Galicia;2011;P. LIAR;217359;unidades
Galicia;2011;P. PIPA;26609;unidades
Madrid (Comunidad de);2011;CIGARRILLOS;385331528;unidades
Madrid (Comunidad de);2011;CIGARROS;146875880;unidades
Madrid (Comunidad de);2011;P. LIAR;527886;unidades
Madrid (Comunidad de);2011;P. PIPA;107366;unidades
Murcia (Región de);2011;CIGARRILLOS;104891433;unidades
Murcia (Región de);2011;CIGARROS;43654333;unidades
Murcia (Región de);2011;P. LIAR;150458;unidades
Murcia (Región de);2011;P. PIPA;77070;unidades
Navarra (Comunidad Foral de);2011;CIGARRILLOS;63897450;unidades
Navarra (Comunidad Foral de);2011;CIGARROS;46878736;unidades
Navarra (Comunidad Foral de);2011;P. LIAR;116584;unidades
Navarra (Comunidad Foral de);2011;P. PIPA;11394;unidades
País Vasco;2011;CIGARRILLOS;157973134;unidades
País Vasco;2011;CIGARROS;146008006;unidades
País Vasco;2011;P. LIAR;211948;unidades
País Vasco;2011;P. PIPA;21702;unidades
Rioja (La);2011;CIGARRILLOS;19615089;unidades
Rioja (La);2011;CIGARROS;22524201;unidades
Rioja (La);2011;P. LIAR;21839;unidades
Rioja (La);2011;P. PIPA;4723;unidades
Andalucía;2010;CIGARRILLOS;2133064139;euros
Andalucía;2010;CIGARROS;45205438;euros
Andalucía;2010;P. LIAR;80808852;euros
Andalucía;2010;P. PIPA;3939771;euros
Aragón;2010;CIGARRILLOS;367216606;euros
Aragón;2010;CIGARROS;16031721;euros
Aragón;2010;P. LIAR;11239494;euros
Aragón;2010;P. PIPA;288185;euros
Asturias (Principado de);2010;CIGARRILLOS;286488995;euros
Asturias (Principado de);2010;CIGARROS;14422680;euros
Asturias (Principado de);2010;P. LIAR;6706484;euros
Asturias (Principado de);2010;P. PIPA;227503;euros
Balears (Illes);2010;CIGARRILLOS;424739342;euros
Balears (Illes);2010;CIGARROS;12038470;euros
Balears (Illes);2010;P. LIAR;37134421;euros
Balears (Illes);2010;P. PIPA;711497;euros
Cantabria;2010;CIGARRILLOS;162965825;euros
Cantabria;2010;CIGARROS;8413994;euros
Cantabria;2010;P. LIAR;4663045;euros
Cantabria;2010;P. PIPA;137232;euros
Castilla y León;2010;CIGARRILLOS;642736947;euros
Castilla y León;2010;CIGARROS;37180204;euros
Castilla y León;2010;P. LIAR;15745587;euros
Castilla y León;2010;P. PIPA;586834;euros
Castilla-La Mancha;2010;CIGARRILLOS;561111617;euros
Castilla-La Mancha;2010;CIGARROS;17609901;euros
Castilla-La Mancha;2010;P. LIAR;14976643;euros
Castilla-La Mancha;2010;P. PIPA;579789;euros
Cataluña;2010;CIGARRILLOS;2226310509;euros
Cataluña;2010;CIGARROS;84655547;euros
Cataluña;2010;P. LIAR;106233142;euros
Cataluña;2010;P. PIPA;3472115;euros
Comunidad Valenciana;2010;CIGARRILLOS;1437334690;euros
Comunidad Valenciana;2010;CIGARROS;36380332;euros
Comunidad Valenciana;2010;P. LIAR;98463461;euros
Comunidad Valenciana;2010;P. PIPA;2944545;euros
Extremadura;2010;CIGARRILLOS;316399346;euros
Extremadura;2010;CIGARROS;9224856;euros
Extremadura;2010;P. LIAR;8116577;euros
Extremadura;2010;P. PIPA;300504;euros
Galicia;2010;CIGARRILLOS;638592770;euros
Galicia;2010;CIGARROS;23285807;euros
Galicia;2010;P. LIAR;16519855;euros
Galicia;2010;P. PIPA;369311;euros
Madrid (Comunidad de);2010;CIGARRILLOS;1508320899;euros
Madrid (Comunidad de);2010;CIGARROS;43567106;euros
Madrid (Comunidad de);2010;P. LIAR;39190039;euros
Madrid (Comunidad de);2010;P. PIPA;1638041;euros
Murcia (Región de);2010;CIGARRILLOS;415206504;euros
Murcia (Región de);2010;CIGARROS;10042856;euros
Murcia (Región de);2010;P. LIAR;14164433;euros
Murcia (Región de);2010;P. PIPA;668551;euros
Navarra (Comunidad Foral de);2010;CIGARRILLOS;242951169;euros
Navarra (Comunidad Foral de);2010;CIGARROS;14650005;euros
Navarra (Comunidad Foral de);2010;P. LIAR;10608953;euros
Navarra (Comunidad Foral de);2010;P. PIPA;300342;euros
País Vasco;2010;CIGARRILLOS;621405099;euros
País Vasco;2010;CIGARROS;48056397;euros
País Vasco;2010;P. LIAR;20447188;euros
País Vasco;2010;P. PIPA;506442;euros
Rioja (La);2010;CIGARRILLOS;76632638;euros
Rioja (La);2010;CIGARROS;6823414;euros
Rioja (La);2010;P. LIAR;1540665;euros
Rioja (La);2010;P. PIPA;67310;euros
Andalucía;2010;CIGARRILLOS;641136110;unidades
Andalucía;2010;CIGARROS;215842975;unidades
Andalucía;2010;P. LIAR;895667;unidades
Andalucía;2010;P. PIPA;95259;unidades
Aragón;2010;CIGARRILLOS;110831203;unidades
Aragón;2010;CIGARROS;63678307;unidades
Aragón;2010;P. LIAR;126256;unidades
Aragón;2010;P. PIPA;6062;unidades
Asturias (Principado de);2010;CIGARRILLOS;85988781;unidades
Asturias (Principado de);2010;CIGARROS;55289611;unidades
Asturias (Principado de);2010;P. LIAR;74237;unidades
Asturias (Principado de);2010;P. PIPA;3906;unidades
Balears (Illes);2010;CIGARRILLOS;125479752;unidades
Balears (Illes);2010;CIGARROS;32894334;unidades
Balears (Illes);2010;P. LIAR;401168;unidades
Balears (Illes);2010;P. PIPA;12801;unidades
Cantabria;2010;CIGARRILLOS;48562249;unidades
Cantabria;2010;CIGARROS;29668098;unidades
Cantabria;2010;P. LIAR;51783;unidades
Cantabria;2010;P. PIPA;2578;unidades
Castilla y León;2010;CIGARRILLOS;192731509;unidades
Castilla y León;2010;CIGARROS;122587878;unidades
Castilla y León;2010;P. LIAR;176897;unidades
Castilla y León;2010;P. PIPA;11967;unidades
Castilla-La Mancha;2010;CIGARRILLOS;168696863;unidades
Castilla-La Mancha;2010;CIGARROS;73083509;unidades
Castilla-La Mancha;2010;P. LIAR;170810;unidades
Castilla-La Mancha;2010;P. PIPA;14054;unidades
Cataluña;2010;CIGARRILLOS;666759767;unidades
Cataluña;2010;CIGARROS;273816068;unidades
Cataluña;2010;P. LIAR;1184722;unidades
Cataluña;2010;P. PIPA;79668;unidades
Comunidad Valenciana;2010;CIGARRILLOS;435002351;unidades
Comunidad Valenciana;2010;CIGARROS;169204384;unidades
Comunidad Valenciana;2010;P. LIAR;1083815;unidades
Comunidad Valenciana;2010;P. PIPA;62683;unidades
Extremadura;2010;CIGARRILLOS;95697290;unidades
Extremadura;2010;CIGARROS;46164865;unidades
Extremadura;2010;P. LIAR;92670;unidades
Extremadura;2010;P. PIPA;5707;unidades
Galicia;2010;CIGARRILLOS;191863786;unidades
Galicia;2010;CIGARROS;93772439;unidades
Galicia;2010;P. LIAR;183003;unidades
Galicia;2010;P. PIPA;6337;unidades
Madrid (Comunidad de);2010;CIGARRILLOS;452382778;unidades
Madrid (Comunidad de);2010;CIGARROS;124783521;unidades
Madrid (Comunidad de);2010;P. LIAR;434456;unidades
Madrid (Comunidad de);2010;P. PIPA;39489;unidades
Murcia (Región de);2010;CIGARRILLOS;123731501;unidades
Murcia (Región de);2010;CIGARROS;36224809;unidades
Murcia (Región de);2010;P. LIAR;158335;unidades
Murcia (Región de);2010;P. PIPA;15560;unidades
Navarra (Comunidad Foral de);2010;CIGARRILLOS;73629810;unidades
Navarra (Comunidad Foral de);2010;CIGARROS;44903862;unidades
Navarra (Comunidad Foral de);2010;P. LIAR;120454;unidades
Navarra (Comunidad Foral de);2010;P. PIPA;6574;unidades
País Vasco;2010;CIGARRILLOS;186027883;unidades
País Vasco;2010;CIGARROS;133960833;unidades
País Vasco;2010;P. LIAR;228520;unidades
País Vasco;2010;P. PIPA;12114;unidades
Rioja (La);2010;CIGARRILLOS;23015925;unidades
Rioja (La);2010;CIGARROS;19724574;unidades
Rioja (La);2010;P. LIAR;17059;unidades
Rioja (La);2010;P. PIPA;1554;unidades
Andalucía;2009;CIGARRILLOS;2125912913;euros
Andalucía;2009;CIGARROS;41377948;euros
Andalucía;2009;P. LIAR;73057943;euros
Andalucía;2009;P. PIPA;1556653;euros
Aragón;2009;CIGARRILLOS;354094062;euros
Aragón;2009;CIGARROS;15310994;euros
Aragón;2009;P. LIAR;6010453;euros
Aragón;2009;P. PIPA;200468;euros
Asturias (Principado de);2009;CIGARRILLOS;272984735;euros
Asturias (Principado de);2009;CIGARROS;13453067;euros
Asturias (Principado de);2009;P. LIAR;3037973;euros
Asturias (Principado de);2009;P. PIPA;154978;euros
Balears (Illes);2009;CIGARRILLOS;418949128;euros
Balears (Illes);2009;CIGARROS;12053725;euros
Balears (Illes);2009;P. LIAR;35457601;euros
Balears (Illes);2009;P. PIPA;615724;euros
Cantabria;2009;CIGARRILLOS;155360310;euros
Cantabria;2009;CIGARROS;7977222;euros
Cantabria;2009;P. LIAR;2210370;euros
Cantabria;2009;P. PIPA;80667;euros
Castilla y León;2009;CIGARRILLOS;613131918;euros
Castilla y León;2009;CIGARROS;35255376;euros
Castilla y León;2009;P. LIAR;8064885;euros
Castilla y León;2009;P. PIPA;311692;euros
Castilla-La Mancha;2009;CIGARRILLOS;528164635;euros
Castilla-La Mancha;2009;CIGARROS;16455497;euros
Castilla-La Mancha;2009;P. LIAR;9883360;euros
Castilla-La Mancha;2009;P. PIPA;186105;euros
Cataluña;2009;CIGARRILLOS;2192540997;euros
Cataluña;2009;CIGARROS;83772613;euros
Cataluña;2009;P. LIAR;86696640;euros
Cataluña;2009;P. PIPA;2605247;euros
Comunidad Valenciana;2009;CIGARRILLOS;1404498493;euros
Comunidad Valenciana;2009;CIGARROS;33430839;euros
Comunidad Valenciana;2009;P. LIAR;94795491;euros
Comunidad Valenciana;2009;P. PIPA;1234309;euros
Extremadura;2009;CIGARRILLOS;296954388;euros
Extremadura;2009;CIGARROS;8495530;euros
Extremadura;2009;P. LIAR;6673701;euros
Extremadura;2009;P. PIPA;120229;euros
Galicia;2009;CIGARRILLOS;609736893;euros
Galicia;2009;CIGARROS;21433402;euros
Galicia;2009;P. LIAR;8869605;euros
Galicia;2009;P. PIPA;257471;euros
Madrid (Comunidad de);2009;CIGARRILLOS;1430368221;euros
Madrid (Comunidad de);2009;CIGARROS;43593307;euros
Madrid (Comunidad de);2009;P. LIAR;21718482;euros
Madrid (Comunidad de);2009;P. PIPA;1190293;euros
Murcia (Región de);2009;CIGARRILLOS;394402857;euros
Murcia (Región de);2009;CIGARROS;9968312;euros
Murcia (Región de);2009;P. LIAR;12500478;euros
Murcia (Región de);2009;P. PIPA;219209;euros
Navarra (Comunidad Foral de);2009;CIGARRILLOS;238857914;euros
Navarra (Comunidad Foral de);2009;CIGARROS;14633560;euros
Navarra (Comunidad Foral de);2009;P. LIAR;8515346;euros
Navarra (Comunidad Foral de);2009;P. PIPA;252591;euros
País Vasco;2009;CIGARRILLOS;609620567;euros
País Vasco;2009;CIGARROS;48407856;euros
País Vasco;2009;P. LIAR;17143516;euros
País Vasco;2009;P. PIPA;431161;euros
Rioja (La);2009;CIGARRILLOS;74038531;euros
Rioja (La);2009;CIGARROS;6620392;euros
Rioja (La);2009;P. LIAR;774979;euros
Rioja (La);2009;P. PIPA;32222;euros
Andalucía;2009;CIGARRILLOS;737816203;unidades
Andalucía;2009;CIGARROS;140831820;unidades
Andalucía;2009;P. LIAR;1013433;unidades
Andalucía;2009;P. PIPA;35617;unidades
Aragón;2009;CIGARRILLOS;123634104;unidades
Aragón;2009;CIGARROS;46603156;unidades
Aragón;2009;P. LIAR;81797;unidades
Aragón;2009;P. PIPA;3944;unidades
Asturias (Principado de);2009;CIGARRILLOS;94908274;unidades
Asturias (Principado de);2009;CIGARROS;41868595;unidades
Asturias (Principado de);2009;P. LIAR;39828;unidades
Asturias (Principado de);2009;P. PIPA;2392;unidades
Balears (Illes);2009;CIGARRILLOS;142915427;unidades
Balears (Illes);2009;CIGARROS;28103161;unidades
Balears (Illes);2009;P. LIAR;470379;unidades
Balears (Illes);2009;P. PIPA;10250;unidades
Cantabria;2009;CIGARRILLOS;53571076;unidades
Cantabria;2009;CIGARROS;22955839;unidades
Cantabria;2009;P. LIAR;29368;unidades
Cantabria;2009;P. PIPA;1309;unidades
Castilla y León;2009;CIGARRILLOS;212558179;unidades
Castilla y León;2009;CIGARROS;100549843;unidades
Castilla y León;2009;P. LIAR;111642;unidades
Castilla y León;2009;P. PIPA;6151;unidades
Castilla-La Mancha;2009;CIGARRILLOS;183430293;unidades
Castilla-La Mancha;2009;CIGARROS;50463489;unidades
Castilla-La Mancha;2009;P. LIAR;139943;unidades
Castilla-La Mancha;2009;P. PIPA;4730;unidades
Cataluña;2009;CIGARRILLOS;758718236;unidades
Cataluña;2009;CIGARROS;228961922;unidades
Cataluña;2009;P. LIAR;1229758;unidades
Cataluña;2009;P. PIPA;57228;unidades
Comunidad Valenciana;2009;CIGARRILLOS;491021188;unidades
Comunidad Valenciana;2009;CIGARROS;106967047;unidades
Comunidad Valenciana;2009;P. LIAR;1298893;unidades
Comunidad Valenciana;2009;P. PIPA;21531;unidades
Extremadura;2009;CIGARRILLOS;104001473;unidades
Extremadura;2009;CIGARROS;32083467;unidades
Extremadura;2009;P. LIAR;99586;unidades
Extremadura;2009;P. PIPA;1977;unidades
Galicia;2009;CIGARRILLOS;212369453;unidades
Galicia;2009;CIGARROS;64649964;unidades
Galicia;2009;P. LIAR;119142;unidades
Galicia;2009;P. PIPA;4090;unidades
Madrid (Comunidad de);2009;CIGARRILLOS;496172326;unidades
Madrid (Comunidad de);2009;CIGARROS;103938538;unidades
Madrid (Comunidad de);2009;P. LIAR;285054;unidades
Madrid (Comunidad de);2009;P. PIPA;26627;unidades
Murcia (Región de);2009;CIGARRILLOS;135544748;unidades
Murcia (Región de);2009;CIGARROS;25882256;unidades
Murcia (Región de);2009;P. LIAR;175079;unidades
Murcia (Región de);2009;P. PIPA;5101;unidades
Navarra (Comunidad Foral de);2009;CIGARRILLOS;83861283;unidades
Navarra (Comunidad Foral de);2009;CIGARROS;40423332;unidades
Navarra (Comunidad Foral de);2009;P. LIAR;124409;unidades
Navarra (Comunidad Foral de);2009;P. PIPA;5485;unidades
País Vasco;2009;CIGARRILLOS;211559250;unidades
País Vasco;2009;CIGARROS;126795817;unidades
País Vasco;2009;P. LIAR;248144;unidades
País Vasco;2009;P. PIPA;9578;unidades
Rioja (La);2009;CIGARRILLOS;25743973;unidades
Rioja (La);2009;CIGARROS;16584357;unidades
Rioja (La);2009;P. LIAR;10060;unidades
Rioja (La);2009;P. PIPA;814;unidades
Andalucía;2008;CIGARRILLOS;2121064144;euros
Andalucía;2008;CIGARROS;43143388;euros
Andalucía;2008;P. LIAR;39126918;euros
Andalucía;2008;P. PIPA;1332899;euros
Aragón;2008;CIGARRILLOS;351823397;euros
Aragón;2008;CIGARROS;15643044;euros
Aragón;2008;P. LIAR;2653961;euros
Aragón;2008;P. PIPA;189192;euros
Asturias (Principado de);2008;CIGARRILLOS;260120607;euros
Asturias (Principado de);2008;CIGARROS;13377714;euros
Asturias (Principado de);2008;P. LIAR;950599;euros
Asturias (Principado de);2008;P. PIPA;151818;euros
Balears (Illes);2008;CIGARRILLOS;456390498;euros
Balears (Illes);2008;CIGARROS;13133867;euros
Balears (Illes);2008;P. LIAR;32830131;euros
Balears (Illes);2008;P. PIPA;749250;euros
Cantabria;2008;CIGARRILLOS;148705585;euros
Cantabria;2008;CIGARROS;8156124;euros
Cantabria;2008;P. LIAR;1528173;euros
Cantabria;2008;P. PIPA;69858;euros
Castilla y León;2008;CIGARRILLOS;598228677;euros
Castilla y León;2008;CIGARROS;35781149;euros
Castilla y León;2008;P. LIAR;2594037;euros
Castilla y León;2008;P. PIPA;282077;euros
Castilla-La Mancha;2008;CIGARRILLOS;516753053;euros
Castilla-La Mancha;2008;CIGARROS;16941501;euros
Castilla-La Mancha;2008;P. LIAR;1595169;euros
Castilla-La Mancha;2008;P. PIPA;134672;euros
Cataluña;2008;CIGARRILLOS;2202506168;euros
Cataluña;2008;CIGARROS;90475975;euros
Cataluña;2008;P. LIAR;67010537;euros
Cataluña;2008;P. PIPA;2438442;euros
Comunidad Valenciana;2008;CIGARRILLOS;1465668209;euros
Comunidad Valenciana;2008;CIGARROS;35521137;euros
Comunidad Valenciana;2008;P. LIAR;70337179;euros
Comunidad Valenciana;2008;P. PIPA;1232182;euros
Extremadura;2008;CIGARRILLOS;280783861;euros
Extremadura;2008;CIGARROS;8448660;euros
Extremadura;2008;P. LIAR;1184264;euros
Extremadura;2008;P. PIPA;89555;euros
Galicia;2008;CIGARRILLOS;581979940;euros
Galicia;2008;CIGARROS;21384379;euros
Galicia;2008;P. LIAR;3598561;euros
Galicia;2008;P. PIPA;239368;euros
Madrid (Comunidad de);2008;CIGARRILLOS;1401596799;euros
Madrid (Comunidad de);2008;CIGARROS;45723687;euros
Madrid (Comunidad de);2008;P. LIAR;6446449;euros
Madrid (Comunidad de);2008;P. PIPA;1029778;euros
Murcia (Región de);2008;CIGARRILLOS;393666493;euros
Murcia (Región de);2008;CIGARROS;10724385;euros
Murcia (Región de);2008;P. LIAR;5769342;euros
Murcia (Región de);2008;P. PIPA;185391;euros
Navarra (Comunidad Foral de);2008;CIGARRILLOS;228091185;euros
Navarra (Comunidad Foral de);2008;CIGARROS;15242493;euros
Navarra (Comunidad Foral de);2008;P. LIAR;5959748;euros
Navarra (Comunidad Foral de);2008;P. PIPA;206320;euros
País Vasco;2008;CIGARRILLOS;592665498;euros
País Vasco;2008;CIGARROS;49759017;euros
País Vasco;2008;P. LIAR;12494397;euros
País Vasco;2008;P. PIPA;394067;euros
Rioja (La);2008;CIGARRILLOS;71936712;euros
Rioja (La);2008;CIGARROS;6969730;euros
Rioja (La);2008;P. LIAR;281840;euros
Rioja (La);2008;P. PIPA;25260;euros
Andalucía;2008;CIGARRILLOS;820713638;unidades
Andalucía;2008;CIGARROS;129118856;unidades
Andalucía;2008;P. LIAR;13176690;unidades
Andalucía;2008;P. PIPA;425484;unidades
Aragón;2008;CIGARRILLOS;136572190;unidades
Aragón;2008;CIGARROS;42766234;unidades
Aragón;2008;P. LIAR;1152506;unidades
Aragón;2008;P. PIPA;58962;unidades
Asturias (Principado de);2008;CIGARRILLOS;101369798;unidades
Asturias (Principado de);2008;CIGARROS;37387896;unidades
Asturias (Principado de);2008;P. LIAR;423744;unidades
Asturias (Principado de);2008;P. PIPA;45867;unidades
Balears (Illes);2008;CIGARRILLOS;172302011;unidades
Balears (Illes);2008;CIGARROS;28993033;unidades
Balears (Illes);2008;P. LIAR;10514803;unidades
Balears (Illes);2008;P. PIPA;205679;unidades
Cantabria;2008;CIGARRILLOS;57314259;unidades
Cantabria;2008;CIGARROS;20914398;unidades
Cantabria;2008;P. LIAR;574667;unidades
Cantabria;2008;P. PIPA;20888;unidades
Castilla y León;2008;CIGARRILLOS;232342698;unidades
Castilla y León;2008;CIGARROS;97101188;unidades
Castilla y León;2008;P. LIAR;1193518;unidades
Castilla y León;2008;P. PIPA;93419;unidades
Castilla-La Mancha;2008;CIGARRILLOS;200716578;unidades
Castilla-La Mancha;2008;CIGARROS;46433545;unidades
Castilla-La Mancha;2008;P. LIAR;779805;unidades
Castilla-La Mancha;2008;P. PIPA;47841;unidades
Cataluña;2008;CIGARRILLOS;848745584;unidades
Cataluña;2008;CIGARROS;235148464;unidades
Cataluña;2008;P. LIAR;23412303;unidades
Cataluña;2008;P. PIPA;807700;unidades
Comunidad Valenciana;2008;CIGARRILLOS;568499279;unidades
Comunidad Valenciana;2008;CIGARROS;95945671;unidades
Comunidad Valenciana;2008;P. LIAR;22863044;unidades
Comunidad Valenciana;2008;P. PIPA;353519;unidades
Extremadura;2008;CIGARRILLOS;110932112;unidades
Extremadura;2008;CIGARROS;28420483;unidades
Extremadura;2008;P. LIAR;580348;unidades
Extremadura;2008;P. PIPA;27293;unidades
Galicia;2008;CIGARRILLOS;226618601;unidades
Galicia;2008;CIGARROS;58858379;unidades
Galicia;2008;P. LIAR;1585617;unidades
Galicia;2008;P. PIPA;72264;unidades
Madrid (Comunidad de);2008;CIGARRILLOS;540240837;unidades
Madrid (Comunidad de);2008;CIGARROS;99101735;unidades
Madrid (Comunidad de);2008;P. LIAR;2840727;unidades
Madrid (Comunidad de);2008;P. PIPA;335549;unidades
Murcia (Región de);2008;CIGARRILLOS;150003535;unidades
Murcia (Región de);2008;CIGARROS;24214629;unidades
Murcia (Región de);2008;P. LIAR;1948792;unidades
Murcia (Región de);2008;P. PIPA;55946;unidades
Navarra (Comunidad Foral de);2008;CIGARRILLOS;89725633;unidades
Navarra (Comunidad Foral de);2008;CIGARROS;41039778;unidades
Navarra (Comunidad Foral de);2008;P. LIAR;2352936;unidades
Navarra (Comunidad Foral de);2008;P. PIPA;72770;unidades
País Vasco;2008;CIGARRILLOS;230469404;unidades
País Vasco;2008;CIGARROS;126486322;unidades
País Vasco;2008;P. LIAR;4665770;unidades
País Vasco;2008;P. PIPA;130330;unidades
Rioja (La);2008;CIGARRILLOS;27875188;unidades
Rioja (La);2008;CIGARROS;16788446;unidades
Rioja (La);2008;P. LIAR;116226;unidades
Rioja (La);2008;P. PIPA;7625;unidades
Andalucía;2007;CIGARRILLOS;2030293426;euros
Andalucía;2007;CIGARROS;44494809;euros
Andalucía;2007;P. LIAR;32380779;euros
Andalucía;2007;P. PIPA;1286419;euros
Aragón;2007;CIGARRILLOS;328625003;euros
Aragón;2007;CIGARROS;16195429;euros
Aragón;2007;P. LIAR;2032212;euros
Aragón;2007;P. PIPA;182094;euros
Asturias (Principado de);2007;CIGARRILLOS;241830226;euros
Asturias (Principado de);2007;CIGARROS;13451853;euros
Asturias (Principado de);2007;P. LIAR;740649;euros
Asturias (Principado de);2007;P. PIPA;151791;euros
Balears (Illes);2007;CIGARRILLOS;463144294;euros
Balears (Illes);2007;CIGARROS;14314257;euros
Balears (Illes);2007;P. LIAR;30570695;euros
Balears (Illes);2007;P. PIPA;784015;euros
Cantabria;2007;CIGARRILLOS;141623887;euros
Cantabria;2007;CIGARROS;8460796;euros
Cantabria;2007;P. LIAR;1876164;euros
Cantabria;2007;P. PIPA;75751;euros
Castilla y León;2007;CIGARRILLOS;548278546;euros
Castilla y León;2007;CIGARROS;36742601;euros
Castilla y León;2007;P. LIAR;1856149;euros
Castilla y León;2007;P. PIPA;267431;euros
Castilla-La Mancha;2007;CIGARRILLOS;479598931;euros
Castilla-La Mancha;2007;CIGARROS;17690106;euros
Castilla-La Mancha;2007;P. LIAR;961615;euros
Castilla-La Mancha;2007;P. PIPA;114656;euros
Cataluña;2007;CIGARRILLOS;2122352881;euros
Cataluña;2007;CIGARROS;91902671;euros
Cataluña;2007;P. LIAR;54634353;euros
Cataluña;2007;P. PIPA;2327751;euros
Comunidad Valenciana;2007;CIGARRILLOS;1424603797;euros
Comunidad Valenciana;2007;CIGARROS;37646566;euros
Comunidad Valenciana;2007;P. LIAR;56478457;euros
Comunidad Valenciana;2007;P. PIPA;1298022;euros
Extremadura;2007;CIGARRILLOS;260379498;euros
Extremadura;2007;CIGARROS;8634769;euros
Extremadura;2007;P. LIAR;712927;euros
Extremadura;2007;P. PIPA;77083;euros
Galicia;2007;CIGARRILLOS;544618633;euros
Galicia;2007;CIGARROS;21685890;euros
Galicia;2007;P. LIAR;2904138;euros
Galicia;2007;P. PIPA;238408;euros
Madrid (Comunidad de);2007;CIGARRILLOS;1327667109;euros
Madrid (Comunidad de);2007;CIGARROS;47809206;euros
Madrid (Comunidad de);2007;P. LIAR;4691641;euros
Madrid (Comunidad de);2007;P. PIPA;957469;euros
Murcia (Región de);2007;CIGARRILLOS;386451304;euros
Murcia (Región de);2007;CIGARROS;11300158;euros
Murcia (Región de);2007;P. LIAR;4561238;euros
Murcia (Región de);2007;P. PIPA;179133;euros
Navarra (Comunidad Foral de);2007;CIGARRILLOS;217683543;euros
Navarra (Comunidad Foral de);2007;CIGARROS;14959317;euros
Navarra (Comunidad Foral de);2007;P. LIAR;4796459;euros
Navarra (Comunidad Foral de);2007;P. PIPA;206163;euros
País Vasco;2007;CIGARRILLOS;564874459;euros
País Vasco;2007;CIGARROS;51364735;euros
País Vasco;2007;P. LIAR;10003170;euros
País Vasco;2007;P. PIPA;387542;euros
Rioja (La);2007;CIGARRILLOS;65573938;euros
Rioja (La);2007;CIGARROS;7127365;euros
Rioja (La);2007;P. LIAR;241342;euros
Rioja (La);2007;P. PIPA;26620;euros
Andalucía;2007;CIGARRILLOS;812241737;unidades
Andalucía;2007;CIGARROS;124729728;unidades
Andalucía;2007;P. LIAR;9401989;unidades
Andalucía;2007;P. PIPA;357048;unidades
Aragón;2007;CIGARRILLOS;132182981;unidades
Aragón;2007;CIGARROS;42184830;unidades
Aragón;2007;P. LIAR;840723;unidades
Aragón;2007;P. PIPA;54329;unidades
Asturias (Principado de);2007;CIGARRILLOS;97775754;unidades
Asturias (Principado de);2007;CIGARROS;35809709;unidades
Asturias (Principado de);2007;P. LIAR;307649;unidades
Asturias (Principado de);2007;P. PIPA;44588;unidades
Balears (Illes);2007;CIGARRILLOS;178996010;unidades
Balears (Illes);2007;CIGARROS;30548180;unidades
Balears (Illes);2007;P. LIAR;8551693;unidades
Balears (Illes);2007;P. PIPA;201177;unidades
Cantabria;2007;CIGARRILLOS;56449793;unidades
Cantabria;2007;CIGARROS;20785075;unidades
Cantabria;2007;P. LIAR;600008;unidades
Cantabria;2007;P. PIPA;22567;unidades
Castilla y León;2007;CIGARRILLOS;220614962;unidades
Castilla y León;2007;CIGARROS;96069290;unidades
Castilla y León;2007;P. LIAR;805639;unidades
Castilla y León;2007;P. PIPA;80368;unidades
Castilla-La Mancha;2007;CIGARRILLOS;192958208;unidades
Castilla-La Mancha;2007;CIGARROS;45443242;unidades
Castilla-La Mancha;2007;P. LIAR;439488;unidades
Castilla-La Mancha;2007;P. PIPA;35255;unidades
Cataluña;2007;CIGARRILLOS;844082171;unidades
Cataluña;2007;CIGARROS;226551083;unidades
Cataluña;2007;P. LIAR;17698099;unidades
Cataluña;2007;P. PIPA;705341;unidades
Comunidad Valenciana;2007;CIGARRILLOS;568852373;unidades
Comunidad Valenciana;2007;CIGARROS;93539209;unidades
Comunidad Valenciana;2007;P. LIAR;16051466;unidades
Comunidad Valenciana;2007;P. PIPA;359986;unidades
Extremadura;2007;CIGARRILLOS;106838544;unidades
Extremadura;2007;CIGARROS;26925502;unidades
Extremadura;2007;P. LIAR;312488;unidades
Extremadura;2007;P. PIPA;23775;unidades
Galicia;2007;CIGARRILLOS;219972219;unidades
Galicia;2007;CIGARROS;57173246;unidades
Galicia;2007;P. LIAR;1150204;unidades
Galicia;2007;P. PIPA;69668;unidades
Madrid (Comunidad de);2007;CIGARRILLOS;529755032;unidades
Madrid (Comunidad de);2007;CIGARROS;98822638;unidades
Madrid (Comunidad de);2007;P. LIAR;1859987;unidades
Madrid (Comunidad de);2007;P. PIPA;276209;unidades
Murcia (Región de);2007;CIGARRILLOS;151787393;unidades
Murcia (Región de);2007;CIGARROS;23042159;unidades
Murcia (Región de);2007;P. LIAR;1306100;unidades
Murcia (Región de);2007;P. PIPA;50579;unidades
Navarra (Comunidad Foral de);2007;CIGARRILLOS;88608344;unidades
Navarra (Comunidad Foral de);2007;CIGARROS;39528422;unidades
Navarra (Comunidad Foral de);2007;P. LIAR;1879981;unidades
Navarra (Comunidad Foral de);2007;P. PIPA;68203;unidades
País Vasco;2007;CIGARRILLOS;227715567;unidades
País Vasco;2007;CIGARROS;124985102;unidades
País Vasco;2007;P. LIAR;3679360;unidades
País Vasco;2007;P. PIPA;122590;unidades
Rioja (La);2007;CIGARRILLOS;26307156;unidades
Rioja (La);2007;CIGARROS;16355320;unidades
Rioja (La);2007;P. LIAR;85120;unidades
Rioja (La);2007;P. PIPA;7855;unidades
Andalucía;2006;CIGARRILLOS;1848955654;euros
Andalucía;2006;CIGARROS;42314350;euros
Andalucía;2006;P. LIAR;29173338;euros
Andalucía;2006;P. PIPA;1254925;euros
Aragón;2006;CIGARRILLOS;291323568;euros
Aragón;2006;CIGARROS;15284478;euros
Aragón;2006;P. LIAR;1717193;euros
Aragón;2006;P. PIPA;160826;euros
Asturias (Principado de);2006;CIGARRILLOS;218879000;euros
Asturias (Principado de);2006;CIGARROS;12892697;euros
Asturias (Principado de);2006;P. LIAR;632408;euros
Asturias (Principado de);2006;P. PIPA;139014;euros
Balears (Illes);2006;CIGARRILLOS;428918667;euros
Balears (Illes);2006;CIGARROS;13748212;euros
Balears (Illes);2006;P. LIAR;27636369;euros
Balears (Illes);2006;P. PIPA;790915;euros
Cantabria;2006;CIGARRILLOS;128837542;euros
Cantabria;2006;CIGARROS;7839477;euros
Cantabria;2006;P. LIAR;1439247;euros
Cantabria;2006;P. PIPA;78206;euros
Castilla y León;2006;CIGARRILLOS;507741451;euros
Castilla y León;2006;CIGARROS;34987596;euros
Castilla y León;2006;P. LIAR;1422046;euros
Castilla y León;2006;P. PIPA;237517;euros
Castilla-La Mancha;2006;CIGARRILLOS;422410684;euros
Castilla-La Mancha;2006;CIGARROS;16428482;euros
Castilla-La Mancha;2006;P. LIAR;692666;euros
Castilla-La Mancha;2006;P. PIPA;100839;euros
Cataluña;2006;CIGARRILLOS;1944695713;euros
Cataluña;2006;CIGARROS;88398218;euros
Cataluña;2006;P. LIAR;44926551;euros
Cataluña;2006;P. PIPA;2089695;euros
Comunidad Valenciana;2006;CIGARRILLOS;1283103818;euros
Comunidad Valenciana;2006;CIGARROS;36269721;euros
Comunidad Valenciana;2006;P. LIAR;48902159;euros
Comunidad Valenciana;2006;P. PIPA;1220962;euros
Extremadura;2006;CIGARRILLOS;232377647;euros
Extremadura;2006;CIGARROS;8371335;euros
Extremadura;2006;P. LIAR;526602;euros
Extremadura;2006;P. PIPA;68366;euros
Galicia;2006;CIGARRILLOS;499638065;euros
Galicia;2006;CIGARROS;20558022;euros
Galicia;2006;P. LIAR;2236154;euros
Galicia;2006;P. PIPA;221472;euros
Madrid (Comunidad de);2006;CIGARRILLOS;1197214045;euros
Madrid (Comunidad de);2006;CIGARROS;44445681;euros
Madrid (Comunidad de);2006;P. LIAR;3584897;euros
Madrid (Comunidad de);2006;P. PIPA;893931;euros
Murcia (Región de);2006;CIGARRILLOS;342376319;euros
Murcia (Región de);2006;CIGARROS;10578683;euros
Murcia (Región de);2006;P. LIAR;3835343;euros
Murcia (Región de);2006;P. PIPA;162554;euros
Navarra (Comunidad Foral de);2006;CIGARRILLOS;205094502;euros
Navarra (Comunidad Foral de);2006;CIGARROS;14062892;euros
Navarra (Comunidad Foral de);2006;P. LIAR;4259244;euros
Navarra (Comunidad Foral de);2006;P. PIPA;175349;euros
País Vasco;2006;CIGARRILLOS;540529513;euros
País Vasco;2006;CIGARROS;49998914;euros
País Vasco;2006;P. LIAR;9090978;euros
País Vasco;2006;P. PIPA;370743;euros
Rioja (La);2006;CIGARRILLOS;61691851;euros
Rioja (La);2006;CIGARROS;6533774;euros
Rioja (La);2006;P. LIAR;144448;euros
Rioja (La);2006;P. PIPA;22075;euros
Andalucía;2006;CIGARRILLOS;822519900;unidades
Andalucía;2006;CIGARROS;112830464;unidades
Andalucía;2006;P. LIAR;8311533;unidades
Andalucía;2006;P. PIPA;351519;unidades
Aragón;2006;CIGARRILLOS;130738747;unidades
Aragón;2006;CIGARROS;38699659;unidades
Aragón;2006;P. LIAR;693730;unidades
Aragón;2006;P. PIPA;48669;unidades
Asturias (Principado de);2006;CIGARRILLOS;98552435;unidades
Asturias (Principado de);2006;CIGARROS;33478824;unidades
Asturias (Principado de);2006;P. LIAR;256239;unidades
Asturias (Principado de);2006;P. PIPA;42599;unidades
Balears (Illes);2006;CIGARRILLOS;177794843;unidades
Balears (Illes);2006;CIGARROS;29275012;unidades
Balears (Illes);2006;P. LIAR;7746777;unidades
Balears (Illes);2006;P. PIPA;201182;unidades
Cantabria;2006;CIGARRILLOS;56789904;unidades
Cantabria;2006;CIGARROS;19535377;unidades
Cantabria;2006;P. LIAR;458109;unidades
Cantabria;2006;P. PIPA;23205;unidades
Castilla y León;2006;CIGARRILLOS;227433669;unidades
Castilla y León;2006;CIGARROS;90955876;unidades
Castilla y León;2006;P. LIAR;604466;unidades
Castilla y León;2006;P. PIPA;70818;unidades
Castilla-La Mancha;2006;CIGARRILLOS;189133876;unidades
Castilla-La Mancha;2006;CIGARROS;41393079;unidades
Castilla-La Mancha;2006;P. LIAR;315142;unidades
Castilla-La Mancha;2006;P. PIPA;30771;unidades
Cataluña;2006;CIGARRILLOS;858458054;unidades
Cataluña;2006;CIGARROS;218271557;unidades
Cataluña;2006;P. LIAR;14533922;unidades
Cataluña;2006;P. PIPA;624582;unidades
Comunidad Valenciana;2006;CIGARRILLOS;565771618;unidades
Comunidad Valenciana;2006;CIGARROS;87167383;unidades
Comunidad Valenciana;2006;P. LIAR;13867600;unidades
Comunidad Valenciana;2006;P. PIPA;336763;unidades
Extremadura;2006;CIGARRILLOS;106843233;unidades
Extremadura;2006;CIGARROS;24346894;unidades
Extremadura;2006;P. LIAR;223142;unidades
Extremadura;2006;P. PIPA;20791;unidades
Galicia;2006;CIGARRILLOS;226390797;unidades
Galicia;2006;CIGARROS;53577254;unidades
Galicia;2006;P. LIAR;894863;unidades
Galicia;2006;P. PIPA;66061;unidades
Madrid (Comunidad de);2006;CIGARRILLOS;532496906;unidades
Madrid (Comunidad de);2006;CIGARROS;90132937;unidades
Madrid (Comunidad de);2006;P. LIAR;1397159;unidades
Madrid (Comunidad de);2006;P. PIPA;257926;unidades
Murcia (Región de);2006;CIGARRILLOS;148154197;unidades
Murcia (Región de);2006;CIGARROS;21038070;unidades
Murcia (Región de);2006;P. LIAR;1092933;unidades
Murcia (Región de);2006;P. PIPA;46927;unidades
Navarra (Comunidad Foral de);2006;CIGARRILLOS;93799971;unidades
Navarra (Comunidad Foral de);2006;CIGARROS;38388310;unidades
Navarra (Comunidad Foral de);2006;P. LIAR;1704564;unidades
Navarra (Comunidad Foral de);2006;P. PIPA;60529;unidades
País Vasco;2006;CIGARRILLOS;242584723;unidades
País Vasco;2006;CIGARROS;121330059;unidades
País Vasco;2006;P. LIAR;3294751;unidades
País Vasco;2006;P. PIPA;114960;unidades
Rioja (La);2006;CIGARRILLOS;27415950;unidades
Rioja (La);2006;CIGARROS;15068973;unidades
Rioja (La);2006;P. LIAR;53189;unidades
Rioja (La);2006;P. PIPA;6328;unidades
Andalucía;2005;CIGARRILLOS;1852650908;euros
Andalucía;2005;CIGARROS;46164613;euros
Andalucía;2005;P. LIAR;29269013;euros
Andalucía;2005;P. PIPA;1292607;euros
Aragón;2005;CIGARRILLOS;292564291;euros
Aragón;2005;CIGARROS;16420646;euros
Aragón;2005;P. LIAR;1736310;euros
Aragón;2005;P. PIPA;177283;euros
Asturias (Principado de);2005;CIGARRILLOS;222053162;euros
Asturias (Principado de);2005;CIGARROS;12571923;euros
Asturias (Principado de);2005;P. LIAR;592613;euros
Asturias (Principado de);2005;P. PIPA;141698;euros
Balears (Illes);2005;CIGARRILLOS;459611933;euros
Balears (Illes);2005;CIGARROS;15489125;euros
Balears (Illes);2005;P. LIAR;31317957;euros
Balears (Illes);2005;P. PIPA;840215;euros
Cantabria;2005;CIGARRILLOS;131080464;euros
Cantabria;2005;CIGARROS;7837596;euros
Cantabria;2005;P. LIAR;1419449;euros
Cantabria;2005;P. PIPA;76840;euros
Castilla y León;2005;CIGARRILLOS;500879689;euros
Castilla y León;2005;CIGARROS;36029268;euros
Castilla y León;2005;P. LIAR;1317760;euros
Castilla y León;2005;P. PIPA;232181;euros
Castilla-La Mancha;2005;CIGARRILLOS;412210816;euros
Castilla-La Mancha;2005;CIGARROS;17903660;euros
Castilla-La Mancha;2005;P. LIAR;624457;euros
Castilla-La Mancha;2005;P. PIPA;98656;euros
Cataluña;2005;CIGARRILLOS;1978556067;euros
Cataluña;2005;CIGARROS;99803049;euros
Cataluña;2005;P. LIAR;43682842;euros
Cataluña;2005;P. PIPA;2074048;euros
Comunidad Valenciana;2005;CIGARRILLOS;1301947801;euros
Comunidad Valenciana;2005;CIGARROS;41298260;euros
Comunidad Valenciana;2005;P. LIAR;49777138;euros
Comunidad Valenciana;2005;P. PIPA;1276412;euros
Extremadura;2005;CIGARRILLOS;225452183;euros
Extremadura;2005;CIGARROS;8713397;euros
Extremadura;2005;P. LIAR;398167;euros
Extremadura;2005;P. PIPA;61636;euros
Galicia;2005;CIGARRILLOS;492954807;euros
Galicia;2005;CIGARROS;21239639;euros
Galicia;2005;P. LIAR;1890347;euros
Galicia;2005;P. PIPA;225130;euros
Madrid (Comunidad de);2005;CIGARRILLOS;1216690445;euros
Madrid (Comunidad de);2005;CIGARROS;47596771;euros
Madrid (Comunidad de);2005;P. LIAR;3872509;euros
Madrid (Comunidad de);2005;P. PIPA;899944;euros
Murcia (Región de);2005;CIGARRILLOS;339162148;euros
Murcia (Región de);2005;CIGARROS;11394365;euros
Murcia (Región de);2005;P. LIAR;3879220;euros
Murcia (Región de);2005;P. PIPA;158088;euros
Navarra (Comunidad Foral de);2005;CIGARRILLOS;201861117;euros
Navarra (Comunidad Foral de);2005;CIGARROS;15944847;euros
Navarra (Comunidad Foral de);2005;P. LIAR;3886099;euros
Navarra (Comunidad Foral de);2005;P. PIPA;185788;euros
País Vasco;2005;CIGARRILLOS;555787201;euros
País Vasco;2005;CIGARROS;52251148;euros
País Vasco;2005;P. LIAR;8743722;euros
País Vasco;2005;P. PIPA;346414;euros
Rioja (La);2005;CIGARRILLOS;60179335;euros
Rioja (La);2005;CIGARROS;6576781;euros
Rioja (La);2005;P. LIAR;118956;euros
Rioja (La);2005;P. PIPA;20450;euros
Andalucía;2005;CIGARRILLOS;843452099;unidades
Andalucía;2005;CIGARROS;122060004;unidades
Andalucía;2005;P. LIAR;8757982;unidades
Andalucía;2005;P. PIPA;382762;unidades
Aragón;2005;CIGARRILLOS;133722689;unidades
Aragón;2005;CIGARROS;41527581;unidades
Aragón;2005;P. LIAR;722168;unidades
Aragón;2005;P. PIPA;55778;unidades
Asturias (Principado de);2005;CIGARRILLOS;100973643;unidades
Asturias (Principado de);2005;CIGARROS;32650196;unidades
Asturias (Principado de);2005;P. LIAR;249857;unidades
Asturias (Principado de);2005;P. PIPA;45076;unidades
Balears (Illes);2005;CIGARRILLOS;196156006;unidades
Balears (Illes);2005;CIGARROS;34226955;unidades
Balears (Illes);2005;P. LIAR;9396511;unidades
Balears (Illes);2005;P. PIPA;230483;unidades
Cantabria;2005;CIGARRILLOS;57991713;unidades
Cantabria;2005;CIGARROS;19815815;unidades
Cantabria;2005;P. LIAR;459811;unidades
Cantabria;2005;P. PIPA;23966;unidades
Castilla y León;2005;CIGARRILLOS;226070185;unidades
Castilla y León;2005;CIGARROS;93131759;unidades
Castilla y León;2005;P. LIAR;555923;unidades
Castilla y León;2005;P. PIPA;72440;unidades
Castilla-La Mancha;2005;CIGARRILLOS;189396515;unidades
Castilla-La Mancha;2005;CIGARROS;44293567;unidades
Castilla-La Mancha;2005;P. LIAR;288298;unidades
Castilla-La Mancha;2005;P. PIPA;31663;unidades
Cataluña;2005;CIGARRILLOS;888711122;unidades
Cataluña;2005;CIGARROS;246646775;unidades
Cataluña;2005;P. LIAR;14487050;unidades
Cataluña;2005;P. PIPA;647968;unidades
Comunidad Valenciana;2005;CIGARRILLOS;589510066;unidades
Comunidad Valenciana;2005;CIGARROS;96290872;unidades
Comunidad Valenciana;2005;P. LIAR;15033216;unidades
Comunidad Valenciana;2005;P. PIPA;369402;unidades
Extremadura;2005;CIGARRILLOS;107300064;unidades
Extremadura;2005;CIGARROS;24397418;unidades
Extremadura;2005;P. LIAR;174339;unidades
Extremadura;2005;P. PIPA;19970;unidades
Galicia;2005;CIGARRILLOS;226899084;unidades
Galicia;2005;CIGARROS;53222036;unidades
Galicia;2005;P. LIAR;806840;unidades
Galicia;2005;P. PIPA;69765;unidades
Madrid (Comunidad de);2005;CIGARRILLOS;547698059;unidades
Madrid (Comunidad de);2005;CIGARROS;97162259;unidades
Madrid (Comunidad de);2005;P. LIAR;1438271;unidades
Madrid (Comunidad de);2005;P. PIPA;274542;unidades
Murcia (Región de);2005;CIGARRILLOS;149028405;unidades
Murcia (Región de);2005;CIGARROS;22883251;unidades
Murcia (Región de);2005;P. LIAR;1172018;unidades
Murcia (Región de);2005;P. PIPA;48096;unidades
Navarra (Comunidad Foral de);2005;CIGARRILLOS;95494852;unidades
Navarra (Comunidad Foral de);2005;CIGARROS;44171782;unidades
Navarra (Comunidad Foral de);2005;P. LIAR;1590097;unidades
Navarra (Comunidad Foral de);2005;P. PIPA;65540;unidades
País Vasco;2005;CIGARRILLOS;255634992;unidades
País Vasco;2005;CIGARROS;130926613;unidades
País Vasco;2005;P. LIAR;3187236;unidades
País Vasco;2005;P. PIPA;111742;unidades
Rioja (La);2005;CIGARRILLOS;26937319;unidades
Rioja (La);2005;CIGARROS;15542955;unidades
Rioja (La);2005;P. LIAR;46722;unidades
Rioja (La);2005;P. PIPA;6151;unidades
