Comunidad;Anyo;Labor;Unidad;Total
Andalucía;2018;CIGARRILLOS;euros;1599326881
Andalucía;2018;CIGARROS;euros;61471264
Andalucía;2018;P. LIAR;euros;152828472
Andalucía;2018;P. PIPA;euros;26031250
Aragón;2018;CIGARRILLOS;euros;321626564
Aragón;2018;CIGARROS;euros;17785814
Aragón;2018;P. LIAR;euros;26731782
Aragón;2018;P. PIPA;euros;1975295
Asturias (Principado de);2018;CIGARRILLOS;euros;242619326
Asturias (Principado de);2018;CIGARROS;euros;15724751
Asturias (Principado de);2018;P. LIAR;euros;18419633
Asturias (Principado de);2018;P. PIPA;euros;1423138
Balears (Illes);2018;CIGARRILLOS;euros;406311721
Balears (Illes);2018;CIGARROS;euros;14849931
Balears (Illes);2018;P. LIAR;euros;53654470
Balears (Illes);2018;P. PIPA;euros;3759448
Cantabria;2018;CIGARRILLOS;euros;140411619
Cantabria;2018;CIGARROS;euros;9549742
Cantabria;2018;P. LIAR;euros;11003391
Cantabria;2018;P. PIPA;euros;700446
Castilla y León;2018;CIGARRILLOS;euros;539361109
Castilla y León;2018;CIGARROS;euros;37670925
Castilla y León;2018;P. LIAR;euros;41731470
Castilla y León;2018;P. PIPA;euros;3808766
Castilla-La Mancha;2018;CIGARRILLOS;euros;461343706
Castilla-La Mancha;2018;CIGARROS;euros;18813918
Castilla-La Mancha;2018;P. LIAR;euros;37823211
Castilla-La Mancha;2018;P. PIPA;euros;3715020
Cataluña;2018;CIGARRILLOS;euros;1921356168
Cataluña;2018;CIGARROS;euros;92101863
Cataluña;2018;P. LIAR;euros;232671731
Cataluña;2018;P. PIPA;euros;18144873
Comunidad Valenciana;2018;CIGARRILLOS;euros;1246499142
Comunidad Valenciana;2018;CIGARROS;euros;48388617
Comunidad Valenciana;2018;P. LIAR;euros;155406472
Comunidad Valenciana;2018;P. PIPA;euros;14925270
Extremadura;2018;CIGARRILLOS;euros;241091160
Extremadura;2018;CIGARROS;euros;11336654
Extremadura;2018;P. LIAR;euros;19551795
Extremadura;2018;P. PIPA;euros;2238164
Galicia;2018;CIGARRILLOS;euros;571963422
Galicia;2018;CIGARROS;euros;28531697
Galicia;2018;P. LIAR;euros;46837146
Galicia;2018;P. PIPA;euros;2902805
Madrid (Comunidad de);2018;CIGARRILLOS;euros;1298927749
Madrid (Comunidad de);2018;CIGARROS;euros;48755958
Madrid (Comunidad de);2018;P. LIAR;euros;108430057
Madrid (Comunidad de);2018;P. PIPA;euros;18030201
Murcia (Región de);2018;CIGARRILLOS;euros;353060790
Murcia (Región de);2018;CIGARROS;euros;11470998
Murcia (Región de);2018;P. LIAR;euros;28239773
Murcia (Región de);2018;P. PIPA;euros;3527217
Navarra (Comunidad Foral de);2018;CIGARRILLOS;euros;211383270
Navarra (Comunidad Foral de);2018;CIGARROS;euros;12425678
Navarra (Comunidad Foral de);2018;P. LIAR;euros;21969699
Navarra (Comunidad Foral de);2018;P. PIPA;euros;919676
País Vasco;2018;CIGARRILLOS;euros;538940665
País Vasco;2018;CIGARROS;euros;42815739
País Vasco;2018;P. LIAR;euros;42609382
País Vasco;2018;P. PIPA;euros;2658304
Rioja (La);2018;CIGARRILLOS;euros;72773625
Rioja (La);2018;CIGARROS;euros;6549154
Rioja (La);2018;P. LIAR;euros;4671758
Rioja (La);2018;P. PIPA;euros;377817
Andalucía;2018;CIGARRILLOS;cantidad;350331256
Andalucía;2018;CIGARROS;cantidad;304025949
Andalucía;2018;P. LIAR;cantidad;886685
Andalucía;2018;P. PIPA;cantidad;281044
Aragón;2018;CIGARRILLOS;cantidad;70898916
Aragón;2018;CIGARROS;cantidad;86367515
Aragón;2018;P. LIAR;cantidad;155059
Aragón;2018;P. PIPA;cantidad;17072
Asturias (Principado de);2018;CIGARRILLOS;cantidad;53249787
Asturias (Principado de);2018;CIGARROS;cantidad;77265229
Asturias (Principado de);2018;P. LIAR;cantidad;107198
Asturias (Principado de);2018;P. PIPA;cantidad;10417
Balears (Illes);2018;CIGARRILLOS;cantidad;88262042
Balears (Illes);2018;CIGARROS;cantidad;50552406
Balears (Illes);2018;P. LIAR;cantidad;309239
Balears (Illes);2018;P. PIPA;cantidad;25013
Cantabria;2018;CIGARRILLOS;cantidad;30651824
Cantabria;2018;CIGARROS;cantidad;44467983
Cantabria;2018;P. LIAR;cantidad;63945
Cantabria;2018;P. PIPA;cantidad;4966
Castilla y León;2018;CIGARRILLOS;cantidad;118004181
Castilla y León;2018;CIGARROS;cantidad;157236106
Castilla y León;2018;P. LIAR;cantidad;242661
Castilla y León;2018;P. PIPA;cantidad;32662
Castilla-La Mancha;2018;CIGARRILLOS;cantidad;101741005
Castilla-La Mancha;2018;CIGARROS;cantidad;96196393
Castilla-La Mancha;2018;P. LIAR;cantidad;219868
Castilla-La Mancha;2018;P. PIPA;cantidad;37792
Cataluña;2018;CIGARRILLOS;cantidad;420229481
Cataluña;2018;CIGARROS;cantidad;352815249
Cataluña;2018;P. LIAR;cantidad;1347221
Cataluña;2018;P. PIPA;cantidad;170347
Comunidad Valenciana;2018;CIGARRILLOS;cantidad;276757572
Comunidad Valenciana;2018;CIGARROS;cantidad;244501896
Comunidad Valenciana;2018;P. LIAR;cantidad;899064
Comunidad Valenciana;2018;P. PIPA;cantidad;128589
Extremadura;2018;CIGARRILLOS;cantidad;53298122
Extremadura;2018;CIGARROS;cantidad;61274251
Extremadura;2018;P. LIAR;cantidad;113851
Extremadura;2018;P. PIPA;cantidad;23835
Galicia;2018;CIGARRILLOS;cantidad;125587069
Galicia;2018;CIGARROS;cantidad;142880737
Galicia;2018;P. LIAR;cantidad;272905
Galicia;2018;P. PIPA;cantidad;23753
Madrid (Comunidad de);2018;CIGARRILLOS;cantidad;285251875
Madrid (Comunidad de);2018;CIGARROS;cantidad;176892723
Madrid (Comunidad de);2018;P. LIAR;cantidad;630979
Madrid (Comunidad de);2018;P. PIPA;cantidad;106018
Murcia (Región de);2018;CIGARRILLOS;cantidad;77216043
Murcia (Región de);2018;CIGARROS;cantidad;54057922
Murcia (Región de);2018;P. LIAR;cantidad;163814
Murcia (Región de);2018;P. PIPA;cantidad;27673
Navarra (Comunidad Foral de);2018;CIGARRILLOS;cantidad;46469481
Navarra (Comunidad Foral de);2018;CIGARROS;cantidad;47667073
Navarra (Comunidad Foral de);2018;P. LIAR;cantidad;126612
Navarra (Comunidad Foral de);2018;P. PIPA;cantidad;7952
País Vasco;2018;CIGARRILLOS;cantidad;117312935
País Vasco;2018;CIGARROS;cantidad;151900796
País Vasco;2018;P. LIAR;cantidad;246471
País Vasco;2018;P. PIPA;cantidad;20987
Rioja (La);2018;CIGARRILLOS;cantidad;15943138
Rioja (La);2018;CIGARROS;cantidad;25116285
Rioja (La);2018;P. LIAR;cantidad;27165
Rioja (La);2018;P. PIPA;cantidad;3206
Andalucía;2017;CIGARRILLOS;cantidad;353765099
Andalucía;2017;CIGARROS;cantidad;314046155
Andalucía;2017;P. LIAR;cantidad;874441
Andalucía;2017;P. PIPA;cantidad;238412
Aragón;2017;CIGARRILLOS;cantidad;70773639
Aragón;2017;CIGARROS;cantidad;88998661
Aragón;2017;P. LIAR;cantidad;155511
Aragón;2017;P. PIPA;cantidad;15213
Asturias (Principado de);2017;CIGARRILLOS;cantidad;54144592
Asturias (Principado de);2017;CIGARROS;cantidad;78830962
Asturias (Principado de);2017;P. LIAR;cantidad;109373
Asturias (Principado de);2017;P. PIPA;cantidad;8637
Balears (Illes);2017;CIGARRILLOS;cantidad;89302842
Balears (Illes);2017;CIGARROS;cantidad;52191531
Balears (Illes);2017;P. LIAR;cantidad;301240
Balears (Illes);2017;P. PIPA;cantidad;22554
Cantabria;2017;CIGARRILLOS;cantidad;30688629
Cantabria;2017;CIGARROS;cantidad;45632777
Cantabria;2017;P. LIAR;cantidad;64098
Cantabria;2017;P. PIPA;cantidad;4506
Castilla y León;2017;CIGARRILLOS;cantidad;118163400
Castilla y León;2017;CIGARROS;cantidad;161955768
Castilla y León;2017;P. LIAR;cantidad;246326
Castilla y León;2017;P. PIPA;cantidad;30443
Castilla-La Mancha;2017;CIGARRILLOS;cantidad;101227177
Castilla-La Mancha;2017;CIGARROS;cantidad;99880340
Castilla-La Mancha;2017;P. LIAR;cantidad;224083
Castilla-La Mancha;2017;P. PIPA;cantidad;37592
Cataluña;2017;CIGARRILLOS;cantidad;415171238
Cataluña;2017;CIGARROS;cantidad;353794795
Cataluña;2017;P. LIAR;cantidad;1281777
Cataluña;2017;P. PIPA;cantidad;142295
Comunidad Valenciana;2017;CIGARRILLOS;cantidad;277608531
Comunidad Valenciana;2017;CIGARROS;cantidad;247446221
Comunidad Valenciana;2017;P. LIAR;cantidad;893241
Comunidad Valenciana;2017;P. PIPA;cantidad;112867
Extremadura;2017;CIGARRILLOS;cantidad;54416287
Extremadura;2017;CIGARROS;cantidad;65317514
Extremadura;2017;P. LIAR;cantidad;113168
Extremadura;2017;P. PIPA;cantidad;20606
Galicia;2017;CIGARRILLOS;cantidad;126059512
Galicia;2017;CIGARROS;cantidad;148874478
Galicia;2017;P. LIAR;cantidad;273885
Galicia;2017;P. PIPA;cantidad;20193
Madrid (Comunidad de);2017;CIGARRILLOS;cantidad;290229715
Madrid (Comunidad de);2017;CIGARROS;cantidad;180941074
Madrid (Comunidad de);2017;P. LIAR;cantidad;633001
Madrid (Comunidad de);2017;P. PIPA;cantidad;86535
Murcia (Región de);2017;CIGARRILLOS;cantidad;78724777
Murcia (Región de);2017;CIGARROS;cantidad;53483334
Murcia (Región de);2017;P. LIAR;cantidad;163883
Murcia (Región de);2017;P. PIPA;cantidad;21568
Navarra (Comunidad Foral de);2017;CIGARRILLOS;cantidad;45613370
Navarra (Comunidad Foral de);2017;CIGARROS;cantidad;50387267
Navarra (Comunidad Foral de);2017;P. LIAR;cantidad;114744
Navarra (Comunidad Foral de);2017;P. PIPA;cantidad;6928
País Vasco;2017;CIGARRILLOS;cantidad;115446304
País Vasco;2017;CIGARROS;cantidad;156071085
País Vasco;2017;P. LIAR;cantidad;226164
País Vasco;2017;P. PIPA;cantidad;17462
Rioja (La);2017;CIGARRILLOS;cantidad;15951283
Rioja (La);2017;CIGARROS;cantidad;25546358
Rioja (La);2017;P. LIAR;cantidad;27359
Rioja (La);2017;P. PIPA;cantidad;2902
Andalucía;2016;CIGARRILLOS;euros;1635459886
Andalucía;2016;CIGARROS;euros;64488972
Andalucía;2016;P. LIAR;euros;154907232
Andalucía;2016;P. PIPA;euros;13741820
Aragón;2016;CIGARRILLOS;euros;324676537
Aragón;2016;CIGARROS;euros;18854029
Aragón;2016;P. LIAR;euros;27602264
Aragón;2016;P. PIPA;euros;1112374
Asturias (Principado de);2016;CIGARRILLOS;euros;255768011
Asturias (Principado de);2016;CIGARROS;euros;16874097
Asturias (Principado de);2016;P. LIAR;euros;19722061
Asturias (Principado de);2016;P. PIPA;euros;585180
Balears (Illes);2016;CIGARRILLOS;euros;406329516
Balears (Illes);2016;CIGARROS;euros;15674521
Balears (Illes);2016;P. LIAR;euros;53283780
Balears (Illes);2016;P. PIPA;euros;1457884
Cantabria;2016;CIGARRILLOS;euros;143267148
Cantabria;2016;CIGARROS;euros;10076176
Cantabria;2016;P. LIAR;euros;11414806
Cantabria;2016;P. PIPA;euros;339456
Castilla y León;2016;CIGARRILLOS;euros;560444346
Castilla y León;2016;CIGARROS;euros;39350967
Castilla y León;2016;P. LIAR;euros;44057799
Castilla y León;2016;P. PIPA;euros;2182374
Castilla-La Mancha;2016;CIGARRILLOS;euros;465291557
Castilla-La Mancha;2016;CIGARROS;euros;20386512
Castilla-La Mancha;2016;P. LIAR;euros;41410430
Castilla-La Mancha;2016;P. PIPA;euros;2827927
Cataluña;2016;CIGARRILLOS;euros;1909668330
Cataluña;2016;CIGARROS;euros;92833166
Cataluña;2016;P. LIAR;euros;220146695
Cataluña;2016;P. PIPA;euros;8875443
Comunidad Valenciana;2016;CIGARRILLOS;euros;1245297068
Comunidad Valenciana;2016;CIGARROS;euros;49552413
Comunidad Valenciana;2016;P. LIAR;euros;155369759
Comunidad Valenciana;2016;P. PIPA;euros;7921324
Extremadura;2016;CIGARRILLOS;euros;252443783
Extremadura;2016;CIGARROS;euros;12702099
Extremadura;2016;P. LIAR;euros;20546643
Extremadura;2016;P. PIPA;euros;1422573
Galicia;2016;CIGARRILLOS;euros;584354888
Galicia;2016;CIGARROS;euros;30607619
Galicia;2016;P. LIAR;euros;48060399
Galicia;2016;P. PIPA;euros;1348818
Madrid (Comunidad de);2016;CIGARRILLOS;euros;1333668290
Madrid (Comunidad de);2016;CIGARROS;euros;48975680
Madrid (Comunidad de);2016;P. LIAR;euros;112509210
Madrid (Comunidad de);2016;P. PIPA;euros;4802309
Murcia (Región de);2016;CIGARRILLOS;euros;363594452
Murcia (Región de);2016;CIGARROS;euros;11513161
Murcia (Región de);2016;P. LIAR;euros;29736260
Murcia (Región de);2016;P. PIPA;euros;1453851
Navarra (Comunidad Foral de);2016;CIGARRILLOS;euros;214145523
Navarra (Comunidad Foral de);2016;CIGARROS;euros;13172135
Navarra (Comunidad Foral de);2016;P. LIAR;euros;19188264
Navarra (Comunidad Foral de);2016;P. PIPA;euros;447863
País Vasco;2016;CIGARRILLOS;euros;543102855
País Vasco;2016;CIGARROS;euros;44409781
País Vasco;2016;P. LIAR;euros;37880495
País Vasco;2016;P. PIPA;euros;1039490
Rioja (La);2016;CIGARRILLOS;euros;73665141
Rioja (La);2016;CIGARROS;euros;6814936
Rioja (La);2016;P. LIAR;euros;4901083
Rioja (La);2016;P. PIPA;euros;230200
Andalucía;2014;CIGARRILLOS;euros;1546160371
Andalucía;2014;CIGARROS;euros;65841194
Andalucía;2014;P. LIAR;euros;159363981
Andalucía;2014;P. PIPA;euros;13964454
Aragón;2014;CIGARRILLOS;euros;324712563
Aragón;2014;CIGARROS;euros;20176355
Aragón;2014;P. LIAR;euros;30125628
Aragón;2014;P. PIPA;euros;1222180
Asturias (Principado de);2014;CIGARRILLOS;euros;257763686
Asturias (Principado de);2014;CIGARROS;euros;17979579
Asturias (Principado de);2014;P. LIAR;euros;20439309
Asturias (Principado de);2014;P. PIPA;euros;519997
Balears (Illes);2014;CIGARRILLOS;euros;385113675
Balears (Illes);2014;CIGARROS;euros;15727857
Balears (Illes);2014;P. LIAR;euros;48489822
Balears (Illes);2014;P. PIPA;euros;1231927
Cantabria;2014;CIGARRILLOS;euros;143905545
Cantabria;2014;CIGARROS;euros;10902226
Cantabria;2014;P. LIAR;euros;11586834
Cantabria;2014;P. PIPA;euros;345302
Castilla y León;2014;CIGARRILLOS;euros;554458853
Castilla y León;2014;CIGARROS;euros;40581156
Castilla y León;2014;P. LIAR;euros;47243946
Castilla y León;2014;P. PIPA;euros;2661355
Castilla-La Mancha;2014;CIGARRILLOS;euros;475109434
Castilla-La Mancha;2014;CIGARROS;euros;22571821
Castilla-La Mancha;2014;P. LIAR;euros;51947395
Castilla-La Mancha;2014;P. PIPA;euros;4177036
Cataluña;2014;CIGARRILLOS;euros;1914891248
Cataluña;2014;CIGARROS;euros;94553948
Cataluña;2014;P. LIAR;euros;216228455
Cataluña;2014;P. PIPA;euros;7164931
Comunidad Valenciana;2014;CIGARRILLOS;euros;1225746520
Comunidad Valenciana;2014;CIGARROS;euros;51430475
Comunidad Valenciana;2014;P. LIAR;euros;161585603
Comunidad Valenciana;2014;P. PIPA;euros;9874773
Extremadura;2014;CIGARRILLOS;euros;264107007
Extremadura;2014;CIGARROS;euros;14562173
Extremadura;2014;P. LIAR;euros;27096427
Extremadura;2014;P. PIPA;euros;2324317
Galicia;2014;CIGARRILLOS;euros;580149119
Galicia;2014;CIGARROS;euros;32292517
Galicia;2014;P. LIAR;euros;48524348
Galicia;2014;P. PIPA;euros;1193453
Madrid (Comunidad de);2014;CIGARRILLOS;euros;1357184752
Madrid (Comunidad de);2014;CIGARROS;euros;48082698
Madrid (Comunidad de);2014;P. LIAR;euros;121245019
Madrid (Comunidad de);2014;P. PIPA;euros;4109456
Murcia (Región de);2014;CIGARRILLOS;euros;360263132
Murcia (Región de);2014;CIGARROS;euros;12384695
Murcia (Región de);2014;P. LIAR;euros;37825537
Murcia (Región de);2014;P. PIPA;euros;2559131
Navarra (Comunidad Foral de);2014;CIGARRILLOS;euros;217153663
Navarra (Comunidad Foral de);2014;CIGARROS;euros;14147195
Navarra (Comunidad Foral de);2014;P. LIAR;euros;19477043
Navarra (Comunidad Foral de);2014;P. PIPA;euros;384547
País Vasco;2014;CIGARRILLOS;euros;557397276
País Vasco;2014;CIGARROS;euros;47108566
País Vasco;2014;P. LIAR;euros;37913362
País Vasco;2014;P. PIPA;euros;828198
Rioja (La);2014;CIGARRILLOS;euros;72841627
Rioja (La);2014;CIGARROS;euros;7066647
Rioja (La);2014;P. LIAR;euros;5173010
Rioja (La);2014;P. PIPA;euros;286863
Andalucía;2014;CIGARRILLOS;cantidad;353016261
Andalucía;2014;CIGARROS;cantidad;337940882
Andalucía;2014;P. LIAR;cantidad;949858
Andalucía;2014;P. PIPA;cantidad;187016
Aragón;2014;CIGARRILLOS;cantidad;74514077
Aragón;2014;CIGARROS;cantidad;99247637
Aragón;2014;P. LIAR;cantidad;179943
Aragón;2014;P. PIPA;cantidad;15136
Asturias (Principado de);2014;CIGARRILLOS;cantidad;58948282
Asturias (Principado de);2014;CIGARROS;cantidad;86695438
Asturias (Principado de);2014;P. LIAR;cantidad;122063
Asturias (Principado de);2014;P. PIPA;cantidad;6336
Balears (Illes);2014;CIGARRILLOS;cantidad;87071235
Balears (Illes);2014;CIGARROS;cantidad;57017082
Balears (Illes);2014;P. LIAR;cantidad;286796
Balears (Illes);2014;P. PIPA;cantidad;15773
Cantabria;2014;CIGARRILLOS;cantidad;32728786
Cantabria;2014;CIGARROS;cantidad;51845477
Cantabria;2014;P. LIAR;cantidad;69014
Cantabria;2014;P. PIPA;cantidad;4267
Castilla y León;2014;CIGARRILLOS;cantidad;126509841
Castilla y León;2014;CIGARROS;cantidad;176493935
Castilla y León;2014;P. LIAR;cantidad;282075
Castilla y León;2014;P. PIPA;cantidad;32682
Castilla-La Mancha;2014;CIGARRILLOS;cantidad;109076684
Castilla-La Mancha;2014;CIGARROS;cantidad;115616408
Castilla-La Mancha;2014;P. LIAR;cantidad;310713
Castilla-La Mancha;2014;P. PIPA;cantidad;51840
Cataluña;2014;CIGARRILLOS;cantidad;436221182
Cataluña;2014;CIGARROS;cantidad;367689598
Cataluña;2014;P. LIAR;cantidad;1286500
Cataluña;2014;P. PIPA;cantidad;96178
Comunidad Valenciana;2014;CIGARRILLOS;cantidad;282785249
Comunidad Valenciana;2014;CIGARROS;cantidad;267055698
Comunidad Valenciana;2014;P. LIAR;cantidad;961673
Comunidad Valenciana;2014;P. PIPA;cantidad;125458
Extremadura;2014;CIGARRILLOS;cantidad;60848752
Extremadura;2014;CIGARROS;cantidad;81465530
Extremadura;2014;P. LIAR;cantidad;162051
Extremadura;2014;P. PIPA;cantidad;28020
Galicia;2014;CIGARRILLOS;cantidad;132849252
Galicia;2014;CIGARROS;cantidad;164090270
Galicia;2014;P. LIAR;cantidad;288952
Galicia;2014;P. PIPA;cantidad;14431
Madrid (Comunidad de);2014;CIGARRILLOS;cantidad;310175931
Madrid (Comunidad de);2014;CIGARROS;cantidad;190457054
Madrid (Comunidad de);2014;P. LIAR;cantidad;721293
Madrid (Comunidad de);2014;P. PIPA;cantidad;55763
Murcia (Región de);2014;CIGARRILLOS;cantidad;82156765
Murcia (Región de);2014;CIGARROS;cantidad;59628969
Murcia (Región de);2014;P. LIAR;cantidad;225392
Murcia (Región de);2014;P. PIPA;cantidad;32225
Navarra (Comunidad Foral de);2014;CIGARRILLOS;cantidad;49777393
Navarra (Comunidad Foral de);2014;CIGARROS;cantidad;53130161
Navarra (Comunidad Foral de);2014;P. LIAR;cantidad;116155
Navarra (Comunidad Foral de);2014;P. PIPA;cantidad;5092
País Vasco;2014;CIGARRILLOS;cantidad;126631915
País Vasco;2014;CIGARROS;cantidad;166927005
País Vasco;2014;P. LIAR;cantidad;225920
País Vasco;2014;P. PIPA;cantidad;11412
Rioja (La);2014;CIGARRILLOS;cantidad;16636554
Rioja (La);2014;CIGARROS;cantidad;27265432
Rioja (La);2014;P. LIAR;cantidad;30792
Rioja (La);2014;P. PIPA;cantidad;3637
Andalucía;2013;CIGARRILLOS;euros;1537526824
Andalucía;2013;CIGARROS;euros;64594956
Andalucía;2013;P. LIAR;euros;174976331
Andalucía;2013;P. PIPA;euros;9164703
Aragón;2013;CIGARRILLOS;euros;322818464
Aragón;2013;CIGARROS;euros;20503541
Aragón;2013;P. LIAR;euros;31407086
Aragón;2013;P. PIPA;euros;796918
Asturias (Principado de);2013;CIGARRILLOS;euros;261094644
Asturias (Principado de);2013;CIGARROS;euros;18099703
Asturias (Principado de);2013;P. LIAR;euros;20838463
Asturias (Principado de);2013;P. PIPA;euros;339466
Balears (Illes);2013;CIGARRILLOS;euros;378315406
Balears (Illes);2013;CIGARROS;euros;15337827
Balears (Illes);2013;P. LIAR;euros;48159586
Balears (Illes);2013;P. PIPA;euros;956452
Cantabria;2013;CIGARRILLOS;euros;143496033
Cantabria;2013;CIGARROS;euros;10968778
Cantabria;2013;P. LIAR;euros;11888419
Cantabria;2013;P. PIPA;euros;251451
Castilla y León;2013;CIGARRILLOS;euros;561937663
Castilla y León;2013;CIGARROS;euros;40722481
Castilla y León;2013;P. LIAR;euros;48858816
Castilla y León;2013;P. PIPA;euros;1998814
Castilla-La Mancha;2013;CIGARRILLOS;euros;474122989
Castilla-La Mancha;2013;CIGARROS;euros;22559743
Castilla-La Mancha;2013;P. LIAR;euros;56568155
Castilla-La Mancha;2013;P. PIPA;euros;2669691
Cataluña;2013;CIGARRILLOS;euros;1903253447
Cataluña;2013;CIGARROS;euros;92993939
Cataluña;2013;P. LIAR;euros;215062944
Cataluña;2013;P. PIPA;euros;6246114
Comunidad Valenciana;2013;CIGARRILLOS;euros;1214711605
Comunidad Valenciana;2013;CIGARROS;euros;50851038
Comunidad Valenciana;2013;P. LIAR;euros;174377929
Comunidad Valenciana;2013;P. PIPA;euros;6472740
Extremadura;2013;CIGARRILLOS;euros;266726421
Extremadura;2013;CIGARROS;euros;14434668
Extremadura;2013;P. LIAR;euros;30500065
Extremadura;2013;P. PIPA;euros;1261620
Galicia;2013;CIGARRILLOS;euros;579517406
Galicia;2013;CIGARROS;euros;32683834
Galicia;2013;P. LIAR;euros;48816740
Galicia;2013;P. PIPA;euros;775957
Madrid (Comunidad de);2013;CIGARRILLOS;euros;1359233890
Madrid (Comunidad de);2013;CIGARROS;euros;47585206
Madrid (Comunidad de);2013;P. LIAR;euros;123054536
Madrid (Comunidad de);2013;P. PIPA;euros;3081016
Murcia (Región de);2013;CIGARRILLOS;euros;363057625
Murcia (Región de);2013;CIGARROS;euros;12299665
Murcia (Región de);2013;P. LIAR;euros;41783971
Murcia (Región de);2013;P. PIPA;euros;1534964
Navarra (Comunidad Foral de);2013;CIGARRILLOS;euros;220531248
Navarra (Comunidad Foral de);2013;CIGARROS;euros;14588202
Navarra (Comunidad Foral de);2013;P. LIAR;euros;19686787
Navarra (Comunidad Foral de);2013;P. PIPA;euros;357534
País Vasco;2013;CIGARRILLOS;euros;558864102
País Vasco;2013;CIGARROS;euros;47563000
País Vasco;2013;P. LIAR;euros;37346616
País Vasco;2013;P. PIPA;euros;751320
Rioja (La);2013;CIGARRILLOS;euros;71865000
Rioja (La);2013;CIGARROS;euros;7175293
Rioja (La);2013;P. LIAR;euros;5351895
Rioja (La);2013;P. PIPA;euros;190351
Andalucía;2013;CIGARRILLOS;cantidad;357326519
Andalucía;2013;CIGARROS;cantidad;340442461
Andalucía;2013;P. LIAR;cantidad;1115909
Andalucía;2013;P. PIPA;cantidad;138011
Aragón;2013;CIGARRILLOS;cantidad;75350070
Aragón;2013;CIGARROS;cantidad;102636286
Aragón;2013;P. LIAR;cantidad;200276
Aragón;2013;P. PIPA;cantidad;10469
Asturias (Principado de);2013;CIGARRILLOS;cantidad;60767978
Asturias (Principado de);2013;CIGARROS;cantidad;88840338
Asturias (Principado de);2013;P. LIAR;cantidad;132627
Asturias (Principado de);2013;P. PIPA;cantidad;4255
Balears (Illes);2013;CIGARRILLOS;cantidad;86923848
Balears (Illes);2013;CIGARROS;cantidad;56949370
Balears (Illes);2013;P. LIAR;cantidad;303406
Balears (Illes);2013;P. PIPA;cantidad;13561
Cantabria;2013;CIGARRILLOS;cantidad;33201794
Cantabria;2013;CIGARROS;cantidad;52957882
Cantabria;2013;P. LIAR;cantidad;75353
Cantabria;2013;P. PIPA;cantidad;3244
Castilla y León;2013;CIGARRILLOS;cantidad;130542893
Castilla y León;2013;CIGARROS;cantidad;179615855
Castilla y León;2013;P. LIAR;cantidad;311124
Castilla y León;2013;P. PIPA;cantidad;25337
Castilla-La Mancha;2013;CIGARRILLOS;cantidad;110633497
Castilla-La Mancha;2013;CIGARROS;cantidad;117794817
Castilla-La Mancha;2013;P. LIAR;cantidad;361506
Castilla-La Mancha;2013;P. PIPA;cantidad;34584
Cataluña;2013;CIGARRILLOS;cantidad;440909598
Cataluña;2013;CIGARROS;cantidad;367815949
Cataluña;2013;P. LIAR;cantidad;1370346
Cataluña;2013;P. PIPA;cantidad;102155
Comunidad Valenciana;2013;CIGARRILLOS;cantidad;284678441
Comunidad Valenciana;2013;CIGARROS;cantidad;267620070
Comunidad Valenciana;2013;P. LIAR;cantidad;1109854
Comunidad Valenciana;2013;P. PIPA;cantidad;85991
Extremadura;2013;CIGARRILLOS;cantidad;62472842
Extremadura;2013;CIGARROS;cantidad;83020251
Extremadura;2013;P. LIAR;cantidad;194735
Extremadura;2013;P. PIPA;cantidad;14564
Galicia;2013;CIGARRILLOS;cantidad;134969904
Galicia;2013;CIGARROS;cantidad;169201790
Galicia;2013;P. LIAR;cantidad;309039
Galicia;2013;P. PIPA;cantidad;9441
Madrid (Comunidad de);2013;CIGARRILLOS;cantidad;315999791
Madrid (Comunidad de);2013;CIGARROS;cantidad;190056067
Madrid (Comunidad de);2013;P. LIAR;cantidad;781091
Madrid (Comunidad de);2013;P. PIPA;cantidad;49889
Murcia (Región de);2013;CIGARRILLOS;cantidad;84192136
Murcia (Región de);2013;CIGARROS;cantidad;59705815
Murcia (Región de);2013;P. LIAR;cantidad;265568
Murcia (Región de);2013;P. PIPA;cantidad;21039
Navarra (Comunidad Foral de);2013;CIGARRILLOS;cantidad;51449611
Navarra (Comunidad Foral de);2013;CIGARROS;cantidad;55319859
Navarra (Comunidad Foral de);2013;P. LIAR;cantidad;126499
Navarra (Comunidad Foral de);2013;P. PIPA;cantidad;5277
País Vasco;2013;CIGARRILLOS;cantidad;129284979
País Vasco;2013;CIGARROS;cantidad;169868051
País Vasco;2013;P. LIAR;cantidad;238570
País Vasco;2013;P. PIPA;cantidad;12249
Rioja (La);2013;CIGARRILLOS;cantidad;16709317
Rioja (La);2013;CIGARROS;cantidad;27741537
Rioja (La);2013;P. LIAR;cantidad;33867
Rioja (La);2013;P. PIPA;cantidad;2577
Andalucía;2012;CIGARRILLOS;euros;1735787971
Andalucía;2012;CIGARROS;euros;59167274
Andalucía;2012;P. LIAR;euros;144293438
Andalucía;2012;P. PIPA;euros;9864285
Aragón;2012;CIGARRILLOS;euros;338348567
Aragón;2012;CIGARROS;euros;18851759
Aragón;2012;P. LIAR;euros;24249271
Aragón;2012;P. PIPA;euros;1014174
Asturias (Principado de);2012;CIGARRILLOS;euros;268048193
Asturias (Principado de);2012;CIGARROS;euros;16550364
Asturias (Principado de);2012;P. LIAR;euros;15434536
Asturias (Principado de);2012;P. PIPA;euros;458697
Balears (Illes);2012;CIGARRILLOS;euros;394494933
Balears (Illes);2012;CIGARROS;euros;14494020
Balears (Illes);2012;P. LIAR;euros;45718532
Balears (Illes);2012;P. PIPA;euros;1057981
Cantabria;2012;CIGARRILLOS;euros;149314870
Cantabria;2012;CIGARROS;euros;10078074
Cantabria;2012;P. LIAR;euros;8993061
Cantabria;2012;P. PIPA;euros;322655
Castilla y León;2012;CIGARRILLOS;euros;581240483
Castilla y León;2012;CIGARROS;euros;38130676
Castilla y León;2012;P. LIAR;euros;35680282
Castilla y León;2012;P. PIPA;euros;1974163
Castilla-La Mancha;2012;CIGARRILLOS;euros;503843692
Castilla-La Mancha;2012;CIGARROS;euros;20678462
Castilla-La Mancha;2012;P. LIAR;euros;40873252
Castilla-La Mancha;2012;P. PIPA;euros;2417017
Cataluña;2012;CIGARRILLOS;euros;1997772835
Cataluña;2012;CIGARROS;euros;88293928
Cataluña;2012;P. LIAR;euros;172940507
Cataluña;2012;P. PIPA;euros;6549684
Comunidad Valenciana;2012;CIGARRILLOS;euros;1282685158
Comunidad Valenciana;2012;CIGARROS;euros;45868003
Comunidad Valenciana;2012;P. LIAR;euros;148270566
Comunidad Valenciana;2012;P. PIPA;euros;7395721
Extremadura;2012;CIGARRILLOS;euros;285868343
Extremadura;2012;CIGARROS;euros;12845496
Extremadura;2012;P. LIAR;euros;21551258
Extremadura;2012;P. PIPA;euros;1285962
Galicia;2012;CIGARRILLOS;euros;586168218
Galicia;2012;CIGARROS;euros;29249140
Galicia;2012;P. LIAR;euros;35916580
Galicia;2012;P. PIPA;euros;935386
Madrid (Comunidad de);2012;CIGARRILLOS;euros;1425136876
Madrid (Comunidad de);2012;CIGARROS;euros;45547263
Madrid (Comunidad de);2012;P. LIAR;euros;92049343
Madrid (Comunidad de);2012;P. PIPA;euros;3700435
Murcia (Región de);2012;CIGARRILLOS;euros;376402464
Murcia (Región de);2012;CIGARROS;euros;11099331
Murcia (Región de);2012;P. LIAR;euros;31020044
Murcia (Región de);2012;P. PIPA;euros;1767431
Navarra (Comunidad Foral de);2012;CIGARRILLOS;euros;229788331
Navarra (Comunidad Foral de);2012;CIGARROS;euros;13797608
Navarra (Comunidad Foral de);2012;P. LIAR;euros;16330960
Navarra (Comunidad Foral de);2012;P. PIPA;euros;398481
País Vasco;2012;CIGARRILLOS;euros;573210850
País Vasco;2012;CIGARROS;euros;45997329
País Vasco;2012;P. LIAR;euros;29545165
País Vasco;2012;P. PIPA;euros;746529
Rioja (La);2012;CIGARRILLOS;euros;71765721
Rioja (La);2012;CIGARROS;euros;6747525
Rioja (La);2012;P. LIAR;euros;3807739
Rioja (La);2012;P. PIPA;euros;167634
Andalucía;2012;CIGARRILLOS;cantidad;430355030
Andalucía;2012;CIGARROS;cantidad;332744747
Andalucía;2012;P. LIAR;cantidad;1084878
Andalucía;2012;P. PIPA;cantidad;229567
Aragón;2012;CIGARRILLOS;cantidad;83938465
Aragón;2012;CIGARROS;cantidad;99275764
Aragón;2012;P. LIAR;cantidad;182924
Aragón;2012;P. PIPA;cantidad;22008
Asturias (Principado de);2012;CIGARRILLOS;cantidad;66421497
Asturias (Principado de);2012;CIGARROS;cantidad;84149043
Asturias (Principado de);2012;P. LIAR;cantidad;116078
Asturias (Principado de);2012;P. PIPA;cantidad;8675
Balears (Illes);2012;CIGARRILLOS;cantidad;96144941
Balears (Illes);2012;CIGARROS;cantidad;55005109
Balears (Illes);2012;P. LIAR;cantidad;341179
Balears (Illes);2012;P. PIPA;cantidad;20360
Cantabria;2012;CIGARRILLOS;cantidad;36718431
Cantabria;2012;CIGARROS;cantidad;50890009
Cantabria;2012;P. LIAR;cantidad;67335
Cantabria;2012;P. PIPA;cantidad;6497
Castilla y León;2012;CIGARRILLOS;cantidad;143602578
Castilla y León;2012;CIGARROS;cantidad;169785454
Castilla y León;2012;P. LIAR;cantidad;267586
Castilla y León;2012;P. PIPA;cantidad;42590
Castilla-La Mancha;2012;CIGARRILLOS;cantidad;125036371
Castilla-La Mancha;2012;CIGARROS;cantidad;112580412
Castilla-La Mancha;2012;P. LIAR;cantidad;307527
Castilla-La Mancha;2012;P. PIPA;cantidad;55243
Cataluña;2012;CIGARRILLOS;cantidad;491919032
Cataluña;2012;CIGARROS;cantidad;351577851
Cataluña;2012;P. LIAR;cantidad;1306343
Cataluña;2012;P. PIPA;cantidad;141427
Comunidad Valenciana;2012;CIGARRILLOS;cantidad;319849619
Comunidad Valenciana;2012;CIGARROS;cantidad;257151913
Comunidad Valenciana;2012;P. LIAR;cantidad;1115418
Comunidad Valenciana;2012;P. PIPA;cantidad;160561
Extremadura;2012;CIGARRILLOS;cantidad;71301254
Extremadura;2012;CIGARROS;cantidad;78521606
Extremadura;2012;P. LIAR;cantidad;162553
Extremadura;2012;P. PIPA;cantidad;27408
Galicia;2012;CIGARRILLOS;cantidad;145360996
Galicia;2012;CIGARROS;cantidad;159218570
Galicia;2012;P. LIAR;cantidad;269197
Galicia;2012;P. PIPA;cantidad;17951
Madrid (Comunidad de);2012;CIGARRILLOS;cantidad;352142101
Madrid (Comunidad de);2012;CIGARROS;cantidad;177757148
Madrid (Comunidad de);2012;P. LIAR;cantidad;688233
Madrid (Comunidad de);2012;P. PIPA;cantidad;83719
Murcia (Región de);2012;CIGARRILLOS;cantidad;92825640
Murcia (Región de);2012;CIGARROS;cantidad;53923272
Murcia (Región de);2012;P. LIAR;cantidad;232462
Murcia (Región de);2012;P. PIPA;cantidad;40610
Navarra (Comunidad Foral de);2012;CIGARRILLOS;cantidad;57127914
Navarra (Comunidad Foral de);2012;CIGARROS;cantidad;52239729
Navarra (Comunidad Foral de);2012;P. LIAR;cantidad;125530
Navarra (Comunidad Foral de);2012;P. PIPA;cantidad;8089
País Vasco;2012;CIGARRILLOS;cantidad;141257213
País Vasco;2012;CIGARROS;cantidad;162342402
País Vasco;2012;P. LIAR;cantidad;224183
País Vasco;2012;P. PIPA;cantidad;15338
Rioja (La);2012;CIGARRILLOS;cantidad;17731639
Rioja (La);2012;CIGARROS;cantidad;25957626
Rioja (La);2012;P. LIAR;cantidad;28402
Rioja (La);2012;P. PIPA;cantidad;3756
Andalucía;2011;CIGARRILLOS;euros;1912502841
Andalucía;2011;CIGARROS;euros;50529532
Andalucía;2011;P. LIAR;euros;97355836
Andalucía;2011;P. PIPA;euros;16832136
Aragón;2011;CIGARRILLOS;euros;351840786
Aragón;2011;CIGARROS;euros;16486082
Aragón;2011;P. LIAR;euros;17558312
Aragón;2011;P. PIPA;euros;1521474
Asturias (Principado de);2011;CIGARRILLOS;euros;271620110
Asturias (Principado de);2011;CIGARROS;euros;14630220
Asturias (Principado de);2011;P. LIAR;euros;11333267
Asturias (Principado de);2011;P. PIPA;euros;700374
Balears (Illes);2011;CIGARRILLOS;euros;407327321
Balears (Illes);2011;CIGARROS;euros;12903623
Balears (Illes);2011;P. LIAR;euros;38507854
Balears (Illes);2011;P. PIPA;euros;1506881
Cantabria;2011;CIGARRILLOS;euros;153486359
Cantabria;2011;CIGARROS;euros;8874757
Cantabria;2011;P. LIAR;euros;6926761
Cantabria;2011;P. PIPA;euros;493134
Castilla y León;2011;CIGARRILLOS;euros;601259847
Castilla y León;2011;CIGARROS;euros;35207074
Castilla y León;2011;P. LIAR;euros;25419976
Castilla y León;2011;P. PIPA;euros;2473763
Castilla-La Mancha;2011;CIGARRILLOS;euros;533822055
Castilla-La Mancha;2011;CIGARROS;euros;18196139
Castilla-La Mancha;2011;P. LIAR;euros;23464906
Castilla-La Mancha;2011;P. PIPA;euros;3608713
Cataluña;2011;CIGARRILLOS;euros;2111159901
Cataluña;2011;CIGARROS;euros;83871137
Cataluña;2011;P. LIAR;euros;138586631
Cataluña;2011;P. PIPA;euros;8329295
Comunidad Valenciana;2011;CIGARRILLOS;euros;1343365151
Comunidad Valenciana;2011;CIGARROS;euros;40028619
Comunidad Valenciana;2011;P. LIAR;euros;104700546
Comunidad Valenciana;2011;P. PIPA;euros;13197993
Extremadura;2011;CIGARRILLOS;euros;301109608
Extremadura;2011;CIGARROS;euros;10992638
Extremadura;2011;P. LIAR;euros;12280040
Extremadura;2011;P. PIPA;euros;1883250
Galicia;2011;CIGARRILLOS;euros;594004217
Galicia;2011;CIGARROS;euros;24820939
Galicia;2011;P. LIAR;euros;27046245
Galicia;2011;P. PIPA;euros;1299673
Madrid (Comunidad de);2011;CIGARRILLOS;euros;1452508657
Madrid (Comunidad de);2011;CIGARROS;euros;41539034
Madrid (Comunidad de);2011;P. LIAR;euros;66031007
Madrid (Comunidad de);2011;P. PIPA;euros;4622830
Murcia (Región de);2011;CIGARRILLOS;euros;396197299
Murcia (Región de);2011;CIGARROS;euros;9912239
Murcia (Región de);2011;P. LIAR;euros;18801154
Murcia (Región de);2011;P. PIPA;euros;3335263
Navarra (Comunidad Foral de);2011;CIGARRILLOS;euros;239222933
Navarra (Comunidad Foral de);2011;CIGARROS;euros;13099643
Navarra (Comunidad Foral de);2011;P. LIAR;euros;14286670
Navarra (Comunidad Foral de);2011;P. PIPA;euros;511606
País Vasco;2011;CIGARRILLOS;euros;596514527
País Vasco;2011;CIGARROS;euros;44459546
País Vasco;2011;P. LIAR;euros;26257435
País Vasco;2011;P. PIPA;euros;940912
Rioja (La);2011;CIGARRILLOS;euros;73780205
Rioja (La);2011;CIGARROS;euros;6177282
Rioja (La);2011;P. LIAR;euros;2731502
Rioja (La);2011;P. PIPA;euros;203027
Andalucía;2011;CIGARRILLOS;cantidad;509446768
Andalucía;2011;CIGARROS;cantidad;275465301
Andalucía;2011;P. LIAR;cantidad;778668
Andalucía;2011;P. PIPA;cantidad;393527
Aragón;2011;CIGARRILLOS;cantidad;93826391
Aragón;2011;CIGARROS;cantidad;82050077
Aragón;2011;P. LIAR;cantidad;141389
Aragón;2011;P. PIPA;cantidad;33824
Asturias (Principado de);2011;CIGARRILLOS;cantidad;72272313
Asturias (Principado de);2011;CIGARROS;cantidad;69948405
Asturias (Principado de);2011;P. LIAR;cantidad;91065
Asturias (Principado de);2011;P. PIPA;cantidad;14465
Balears (Illes);2011;CIGARRILLOS;cantidad;107317301
Balears (Illes);2011;CIGARROS;cantidad;43340142
Balears (Illes);2011;P. LIAR;cantidad;300334
Balears (Illes);2011;P. PIPA;cantidad;31328
Cantabria;2011;CIGARRILLOS;cantidad;40610317
Cantabria;2011;CIGARROS;cantidad;41046143
Cantabria;2011;P. LIAR;cantidad;55427
Cantabria;2011;P. PIPA;cantidad;10811
Castilla y León;2011;CIGARRILLOS;cantidad;159955412
Castilla y León;2011;CIGARROS;cantidad;146028792
Castilla y León;2011;P. LIAR;cantidad;204261
Castilla y León;2011;P. PIPA;cantidad;54882
Castilla-La Mancha;2011;CIGARRILLOS;cantidad;142378673
Castilla-La Mancha;2011;CIGARROS;cantidad;93596473
Castilla-La Mancha;2011;P. LIAR;cantidad;189772
Castilla-La Mancha;2011;P. PIPA;cantidad;82743
Cataluña;2011;CIGARRILLOS;cantidad;559575622
Cataluña;2011;CIGARROS;cantidad;313545416
Cataluña;2011;P. LIAR;cantidad;1114961
Cataluña;2011;P. PIPA;cantidad;187776
Comunidad Valenciana;2011;CIGARRILLOS;cantidad;359321582
Comunidad Valenciana;2011;CIGARROS;cantidad;215630330
Comunidad Valenciana;2011;P. LIAR;cantidad;832090
Comunidad Valenciana;2011;P. PIPA;cantidad;302323
Extremadura;2011;CIGARRILLOS;cantidad;80715744
Extremadura;2011;CIGARROS;cantidad;64837448
Extremadura;2011;P. LIAR;cantidad;99737
Extremadura;2011;P. PIPA;cantidad;41784
Galicia;2011;CIGARRILLOS;cantidad;158304677
Galicia;2011;CIGARROS;cantidad;128531825
Galicia;2011;P. LIAR;cantidad;217359
Galicia;2011;P. PIPA;cantidad;26609
Madrid (Comunidad de);2011;CIGARRILLOS;cantidad;385331528
Madrid (Comunidad de);2011;CIGARROS;cantidad;146875880
Madrid (Comunidad de);2011;P. LIAR;cantidad;527886
Madrid (Comunidad de);2011;P. PIPA;cantidad;107366
Murcia (Región de);2011;CIGARRILLOS;cantidad;104891433
Murcia (Región de);2011;CIGARROS;cantidad;43654333
Murcia (Región de);2011;P. LIAR;cantidad;150458
Murcia (Región de);2011;P. PIPA;cantidad;77070
Navarra (Comunidad Foral de);2011;CIGARRILLOS;cantidad;63897450
Navarra (Comunidad Foral de);2011;CIGARROS;cantidad;46878736
Navarra (Comunidad Foral de);2011;P. LIAR;cantidad;116584
Navarra (Comunidad Foral de);2011;P. PIPA;cantidad;11394
País Vasco;2011;CIGARRILLOS;cantidad;157973134
País Vasco;2011;CIGARROS;cantidad;146008006
País Vasco;2011;P. LIAR;cantidad;211948
País Vasco;2011;P. PIPA;cantidad;21702
Rioja (La);2011;CIGARRILLOS;cantidad;19615089
Rioja (La);2011;CIGARROS;cantidad;22524201
Rioja (La);2011;P. LIAR;cantidad;21839
Rioja (La);2011;P. PIPA;cantidad;4723
Andalucía;2010;CIGARRILLOS;euros;2133064139
Andalucía;2010;CIGARROS;euros;45205438
Andalucía;2010;P. LIAR;euros;80808852
Andalucía;2010;P. PIPA;euros;3939771
Aragón;2010;CIGARRILLOS;euros;367216606
Aragón;2010;CIGARROS;euros;16031721
Aragón;2010;P. LIAR;euros;11239494
Aragón;2010;P. PIPA;euros;288185
Asturias (Principado de);2010;CIGARRILLOS;euros;286488995
Asturias (Principado de);2010;CIGARROS;euros;14422680
Asturias (Principado de);2010;P. LIAR;euros;6706484
Asturias (Principado de);2010;P. PIPA;euros;227503
Balears (Illes);2010;CIGARRILLOS;euros;424739342
Balears (Illes);2010;CIGARROS;euros;12038470
Balears (Illes);2010;P. LIAR;euros;37134421
Balears (Illes);2010;P. PIPA;euros;711497
Cantabria;2010;CIGARRILLOS;euros;162965825
Cantabria;2010;CIGARROS;euros;8413994
Cantabria;2010;P. LIAR;euros;4663045
Cantabria;2010;P. PIPA;euros;137232
Castilla y León;2010;CIGARRILLOS;euros;642736947
Castilla y León;2010;CIGARROS;euros;37180204
Castilla y León;2010;P. LIAR;euros;15745587
Castilla y León;2010;P. PIPA;euros;586834
Castilla-La Mancha;2010;CIGARRILLOS;euros;561111617
Castilla-La Mancha;2010;CIGARROS;euros;17609901
Castilla-La Mancha;2010;P. LIAR;euros;14976643
Castilla-La Mancha;2010;P. PIPA;euros;579789
Cataluña;2010;CIGARRILLOS;euros;2226310509
Cataluña;2010;CIGARROS;euros;84655547
Cataluña;2010;P. LIAR;euros;106233142
Cataluña;2010;P. PIPA;euros;3472115
Comunidad Valenciana;2010;CIGARRILLOS;euros;1437334690
Comunidad Valenciana;2010;CIGARROS;euros;36380332
Comunidad Valenciana;2010;P. LIAR;euros;98463461
Comunidad Valenciana;2010;P. PIPA;euros;2944545
Extremadura;2010;CIGARRILLOS;euros;316399346
Extremadura;2010;CIGARROS;euros;9224856
Extremadura;2010;P. LIAR;euros;8116577
Extremadura;2010;P. PIPA;euros;300504
Galicia;2010;CIGARRILLOS;euros;638592770
Galicia;2010;CIGARROS;euros;23285807
Galicia;2010;P. LIAR;euros;16519855
Galicia;2010;P. PIPA;euros;369311
Madrid (Comunidad de);2010;CIGARRILLOS;euros;1508320899
Madrid (Comunidad de);2010;CIGARROS;euros;43567106
Madrid (Comunidad de);2010;P. LIAR;euros;39190039
Madrid (Comunidad de);2010;P. PIPA;euros;1638041
Murcia (Región de);2010;CIGARRILLOS;euros;415206504
Murcia (Región de);2010;CIGARROS;euros;10042856
Murcia (Región de);2010;P. LIAR;euros;14164433
Murcia (Región de);2010;P. PIPA;euros;668551
Navarra (Comunidad Foral de);2010;CIGARRILLOS;euros;242951169
Navarra (Comunidad Foral de);2010;CIGARROS;euros;14650005
Navarra (Comunidad Foral de);2010;P. LIAR;euros;10608953
Navarra (Comunidad Foral de);2010;P. PIPA;euros;300342
País Vasco;2010;CIGARRILLOS;euros;621405099
País Vasco;2010;CIGARROS;euros;48056397
País Vasco;2010;P. LIAR;euros;20447188
País Vasco;2010;P. PIPA;euros;506442
Rioja (La);2010;CIGARRILLOS;euros;76632638
Rioja (La);2010;CIGARROS;euros;6823414
Rioja (La);2010;P. LIAR;euros;1540665
Rioja (La);2010;P. PIPA;euros;67310
Andalucía;2010;CIGARRILLOS;cantidad;641136110
Andalucía;2010;CIGARROS;cantidad;215842975
Andalucía;2010;P. LIAR;cantidad;895667
Andalucía;2010;P. PIPA;cantidad;95259
Aragón;2010;CIGARRILLOS;cantidad;110831203
Aragón;2010;CIGARROS;cantidad;63678307
Aragón;2010;P. LIAR;cantidad;126256
Aragón;2010;P. PIPA;cantidad;6062
Asturias (Principado de);2010;CIGARRILLOS;cantidad;85988781
Asturias (Principado de);2010;CIGARROS;cantidad;55289611
Asturias (Principado de);2010;P. LIAR;cantidad;74237
Asturias (Principado de);2010;P. PIPA;cantidad;3906
Balears (Illes);2010;CIGARRILLOS;cantidad;125479752
Balears (Illes);2010;CIGARROS;cantidad;32894334
Balears (Illes);2010;P. LIAR;cantidad;401168
Balears (Illes);2010;P. PIPA;cantidad;12801
Cantabria;2010;CIGARRILLOS;cantidad;48562249
Cantabria;2010;CIGARROS;cantidad;29668098
Cantabria;2010;P. LIAR;cantidad;51783
Cantabria;2010;P. PIPA;cantidad;2578
Castilla y León;2010;CIGARRILLOS;cantidad;192731509
Castilla y León;2010;CIGARROS;cantidad;122587878
Castilla y León;2010;P. LIAR;cantidad;176897
Castilla y León;2010;P. PIPA;cantidad;11967
Castilla-La Mancha;2010;CIGARRILLOS;cantidad;168696863
Castilla-La Mancha;2010;CIGARROS;cantidad;73083509
Castilla-La Mancha;2010;P. LIAR;cantidad;170810
Castilla-La Mancha;2010;P. PIPA;cantidad;14054
Cataluña;2010;CIGARRILLOS;cantidad;666759767
Cataluña;2010;CIGARROS;cantidad;273816068
Cataluña;2010;P. LIAR;cantidad;1184722
Cataluña;2010;P. PIPA;cantidad;79668
Comunidad Valenciana;2010;CIGARRILLOS;cantidad;435002351
Comunidad Valenciana;2010;CIGARROS;cantidad;169204384
Comunidad Valenciana;2010;P. LIAR;cantidad;1083815
Comunidad Valenciana;2010;P. PIPA;cantidad;62683
Extremadura;2010;CIGARRILLOS;cantidad;95697290
Extremadura;2010;CIGARROS;cantidad;46164865
Extremadura;2010;P. LIAR;cantidad;92670
Extremadura;2010;P. PIPA;cantidad;5707
Galicia;2010;CIGARRILLOS;cantidad;191863786
Galicia;2010;CIGARROS;cantidad;93772439
Galicia;2010;P. LIAR;cantidad;183003
Galicia;2010;P. PIPA;cantidad;6337
Madrid (Comunidad de);2010;CIGARRILLOS;cantidad;452382778
Madrid (Comunidad de);2010;CIGARROS;cantidad;124783521
Madrid (Comunidad de);2010;P. LIAR;cantidad;434456
Madrid (Comunidad de);2010;P. PIPA;cantidad;39489
Murcia (Región de);2010;CIGARRILLOS;cantidad;123731501
Murcia (Región de);2010;CIGARROS;cantidad;36224809
Murcia (Región de);2010;P. LIAR;cantidad;158335
Murcia (Región de);2010;P. PIPA;cantidad;15560
Navarra (Comunidad Foral de);2010;CIGARRILLOS;cantidad;73629810
Navarra (Comunidad Foral de);2010;CIGARROS;cantidad;44903862
Navarra (Comunidad Foral de);2010;P. LIAR;cantidad;120454
Navarra (Comunidad Foral de);2010;P. PIPA;cantidad;6574
País Vasco;2010;CIGARRILLOS;cantidad;186027883
País Vasco;2010;CIGARROS;cantidad;133960833
País Vasco;2010;P. LIAR;cantidad;228520
País Vasco;2010;P. PIPA;cantidad;12114
Rioja (La);2010;CIGARRILLOS;cantidad;23015925
Rioja (La);2010;CIGARROS;cantidad;19724574
Rioja (La);2010;P. LIAR;cantidad;17059
Rioja (La);2010;P. PIPA;cantidad;1554
Andalucía;2009;CIGARRILLOS;euros;2125912913
Andalucía;2009;CIGARROS;euros;41377948
Andalucía;2009;P. LIAR;euros;73057943
Andalucía;2009;P. PIPA;euros;1556653
Aragón;2009;CIGARRILLOS;euros;354094062
Aragón;2009;CIGARROS;euros;15310994
Aragón;2009;P. LIAR;euros;6010453
Aragón;2009;P. PIPA;euros;200468
Asturias (Principado de);2009;CIGARRILLOS;euros;272984735
Asturias (Principado de);2009;CIGARROS;euros;13453067
Asturias (Principado de);2009;P. LIAR;euros;3037973
Asturias (Principado de);2009;P. PIPA;euros;154978
Balears (Illes);2009;CIGARRILLOS;euros;418949128
Balears (Illes);2009;CIGARROS;euros;12053725
Balears (Illes);2009;P. LIAR;euros;35457601
Balears (Illes);2009;P. PIPA;euros;615724
Cantabria;2009;CIGARRILLOS;euros;155360310
Cantabria;2009;CIGARROS;euros;7977222
Cantabria;2009;P. LIAR;euros;2210370
Cantabria;2009;P. PIPA;euros;80667
Castilla y León;2009;CIGARRILLOS;euros;613131918
Castilla y León;2009;CIGARROS;euros;35255376
Castilla y León;2009;P. LIAR;euros;8064885
Castilla y León;2009;P. PIPA;euros;311692
Castilla-La Mancha;2009;CIGARRILLOS;euros;528164635
Castilla-La Mancha;2009;CIGARROS;euros;16455497
Castilla-La Mancha;2009;P. LIAR;euros;9883360
Castilla-La Mancha;2009;P. PIPA;euros;186105
Cataluña;2009;CIGARRILLOS;euros;2192540997
Cataluña;2009;CIGARROS;euros;83772613
Cataluña;2009;P. LIAR;euros;86696640
Cataluña;2009;P. PIPA;euros;2605247
Comunidad Valenciana;2009;CIGARRILLOS;euros;1404498493
Comunidad Valenciana;2009;CIGARROS;euros;33430839
Comunidad Valenciana;2009;P. LIAR;euros;94795491
Comunidad Valenciana;2009;P. PIPA;euros;1234309
Extremadura;2009;CIGARRILLOS;euros;296954388
Extremadura;2009;CIGARROS;euros;8495530
Extremadura;2009;P. LIAR;euros;6673701
Extremadura;2009;P. PIPA;euros;120229
Galicia;2009;CIGARRILLOS;euros;609736893
Galicia;2009;CIGARROS;euros;21433402
Galicia;2009;P. LIAR;euros;8869605
Galicia;2009;P. PIPA;euros;257471
Madrid (Comunidad de);2009;CIGARRILLOS;euros;1430368221
Madrid (Comunidad de);2009;CIGARROS;euros;43593307
Madrid (Comunidad de);2009;P. LIAR;euros;21718482
Madrid (Comunidad de);2009;P. PIPA;euros;1190293
Murcia (Región de);2009;CIGARRILLOS;euros;394402857
Murcia (Región de);2009;CIGARROS;euros;9968312
Murcia (Región de);2009;P. LIAR;euros;12500478
Murcia (Región de);2009;P. PIPA;euros;219209
Navarra (Comunidad Foral de);2009;CIGARRILLOS;euros;238857914
Navarra (Comunidad Foral de);2009;CIGARROS;euros;14633560
Navarra (Comunidad Foral de);2009;P. LIAR;euros;8515346
Navarra (Comunidad Foral de);2009;P. PIPA;euros;252591
País Vasco;2009;CIGARRILLOS;euros;609620567
País Vasco;2009;CIGARROS;euros;48407856
País Vasco;2009;P. LIAR;euros;17143516
País Vasco;2009;P. PIPA;euros;431161
Rioja (La);2009;CIGARRILLOS;euros;74038531
Rioja (La);2009;CIGARROS;euros;6620392
Rioja (La);2009;P. LIAR;euros;774979
Rioja (La);2009;P. PIPA;euros;32222
Andalucía;2009;CIGARRILLOS;cantidad;737816203
Andalucía;2009;CIGARROS;cantidad;140831820
Andalucía;2009;P. LIAR;cantidad;1013433
Andalucía;2009;P. PIPA;cantidad;35617
Aragón;2009;CIGARRILLOS;cantidad;123634104
Aragón;2009;CIGARROS;cantidad;46603156
Aragón;2009;P. LIAR;cantidad;81797
Aragón;2009;P. PIPA;cantidad;3944
Asturias (Principado de);2009;CIGARRILLOS;cantidad;94908274
Asturias (Principado de);2009;CIGARROS;cantidad;41868595
Asturias (Principado de);2009;P. LIAR;cantidad;39828
Asturias (Principado de);2009;P. PIPA;cantidad;2392
Balears (Illes);2009;CIGARRILLOS;cantidad;142915427
Balears (Illes);2009;CIGARROS;cantidad;28103161
Balears (Illes);2009;P. LIAR;cantidad;470379
Balears (Illes);2009;P. PIPA;cantidad;10250
Cantabria;2009;CIGARRILLOS;cantidad;53571076
Cantabria;2009;CIGARROS;cantidad;22955839
Cantabria;2009;P. LIAR;cantidad;29368
Cantabria;2009;P. PIPA;cantidad;1309
Castilla y León;2009;CIGARRILLOS;cantidad;212558179
Castilla y León;2009;CIGARROS;cantidad;100549843
Castilla y León;2009;P. LIAR;cantidad;111642
Castilla y León;2009;P. PIPA;cantidad;6151
Castilla-La Mancha;2009;CIGARRILLOS;cantidad;183430293
Castilla-La Mancha;2009;CIGARROS;cantidad;50463489
Castilla-La Mancha;2009;P. LIAR;cantidad;139943
Castilla-La Mancha;2009;P. PIPA;cantidad;4730
Cataluña;2009;CIGARRILLOS;cantidad;758718236
Cataluña;2009;CIGARROS;cantidad;228961922
Cataluña;2009;P. LIAR;cantidad;1229758
Cataluña;2009;P. PIPA;cantidad;57228
Comunidad Valenciana;2009;CIGARRILLOS;cantidad;491021188
Comunidad Valenciana;2009;CIGARROS;cantidad;106967047
Comunidad Valenciana;2009;P. LIAR;cantidad;1298893
Comunidad Valenciana;2009;P. PIPA;cantidad;21531
Extremadura;2009;CIGARRILLOS;cantidad;104001473
Extremadura;2009;CIGARROS;cantidad;32083467
Extremadura;2009;P. LIAR;cantidad;99586
Extremadura;2009;P. PIPA;cantidad;1977
Galicia;2009;CIGARRILLOS;cantidad;212369453
Galicia;2009;CIGARROS;cantidad;64649964
Galicia;2009;P. LIAR;cantidad;119142
Galicia;2009;P. PIPA;cantidad;4090
Madrid (Comunidad de);2009;CIGARRILLOS;cantidad;496172326
Madrid (Comunidad de);2009;CIGARROS;cantidad;103938538
Madrid (Comunidad de);2009;P. LIAR;cantidad;285054
Madrid (Comunidad de);2009;P. PIPA;cantidad;26627
Murcia (Región de);2009;CIGARRILLOS;cantidad;135544748
Murcia (Región de);2009;CIGARROS;cantidad;25882256
Murcia (Región de);2009;P. LIAR;cantidad;175079
Murcia (Región de);2009;P. PIPA;cantidad;5101
Navarra (Comunidad Foral de);2009;CIGARRILLOS;cantidad;83861283
Navarra (Comunidad Foral de);2009;CIGARROS;cantidad;40423332
Navarra (Comunidad Foral de);2009;P. LIAR;cantidad;124409
Navarra (Comunidad Foral de);2009;P. PIPA;cantidad;5485
País Vasco;2009;CIGARRILLOS;cantidad;211559250
País Vasco;2009;CIGARROS;cantidad;126795817
País Vasco;2009;P. LIAR;cantidad;248144
País Vasco;2009;P. PIPA;cantidad;9578
Rioja (La);2009;CIGARRILLOS;cantidad;25743973
Rioja (La);2009;CIGARROS;cantidad;16584357
Rioja (La);2009;P. LIAR;cantidad;10060
Rioja (La);2009;P. PIPA;cantidad;814
Andalucía;2008;CIGARRILLOS;euros;2121064144
Andalucía;2008;CIGARROS;euros;43143388
Andalucía;2008;P. LIAR;euros;39126918
Andalucía;2008;P. PIPA;euros;1332899
Aragón;2008;CIGARRILLOS;euros;351823397
Aragón;2008;CIGARROS;euros;15643044
Aragón;2008;P. LIAR;euros;2653961
Aragón;2008;P. PIPA;euros;189192
Asturias (Principado de);2008;CIGARRILLOS;euros;260120607
Asturias (Principado de);2008;CIGARROS;euros;13377714
Asturias (Principado de);2008;P. LIAR;euros;950599
Asturias (Principado de);2008;P. PIPA;euros;151818
Balears (Illes);2008;CIGARRILLOS;euros;456390498
Balears (Illes);2008;CIGARROS;euros;13133867
Balears (Illes);2008;P. LIAR;euros;32830131
Balears (Illes);2008;P. PIPA;euros;749250
Cantabria;2008;CIGARRILLOS;euros;148705585
Cantabria;2008;CIGARROS;euros;8156124
Cantabria;2008;P. LIAR;euros;1528173
Cantabria;2008;P. PIPA;euros;69858
Castilla y León;2008;CIGARRILLOS;euros;598228677
Castilla y León;2008;CIGARROS;euros;35781149
Castilla y León;2008;P. LIAR;euros;2594037
Castilla y León;2008;P. PIPA;euros;282077
Castilla-La Mancha;2008;CIGARRILLOS;euros;516753053
Castilla-La Mancha;2008;CIGARROS;euros;16941501
Castilla-La Mancha;2008;P. LIAR;euros;1595169
Castilla-La Mancha;2008;P. PIPA;euros;134672
Cataluña;2008;CIGARRILLOS;euros;2202506168
Cataluña;2008;CIGARROS;euros;90475975
Cataluña;2008;P. LIAR;euros;67010537
Cataluña;2008;P. PIPA;euros;2438442
Comunidad Valenciana;2008;CIGARRILLOS;euros;1465668209
Comunidad Valenciana;2008;CIGARROS;euros;35521137
Comunidad Valenciana;2008;P. LIAR;euros;70337179
Comunidad Valenciana;2008;P. PIPA;euros;1232182
Extremadura;2008;CIGARRILLOS;euros;280783861
Extremadura;2008;CIGARROS;euros;8448660
Extremadura;2008;P. LIAR;euros;1184264
Extremadura;2008;P. PIPA;euros;89555
Galicia;2008;CIGARRILLOS;euros;581979940
Galicia;2008;CIGARROS;euros;21384379
Galicia;2008;P. LIAR;euros;3598561
Galicia;2008;P. PIPA;euros;239368
Madrid (Comunidad de);2008;CIGARRILLOS;euros;1401596799
Madrid (Comunidad de);2008;CIGARROS;euros;45723687
Madrid (Comunidad de);2008;P. LIAR;euros;6446449
Madrid (Comunidad de);2008;P. PIPA;euros;1029778
Murcia (Región de);2008;CIGARRILLOS;euros;393666493
Murcia (Región de);2008;CIGARROS;euros;10724385
Murcia (Región de);2008;P. LIAR;euros;5769342
Murcia (Región de);2008;P. PIPA;euros;185391
Navarra (Comunidad Foral de);2008;CIGARRILLOS;euros;228091185
Navarra (Comunidad Foral de);2008;CIGARROS;euros;15242493
Navarra (Comunidad Foral de);2008;P. LIAR;euros;5959748
Navarra (Comunidad Foral de);2008;P. PIPA;euros;206320
País Vasco;2008;CIGARRILLOS;euros;592665498
País Vasco;2008;CIGARROS;euros;49759017
País Vasco;2008;P. LIAR;euros;12494397
País Vasco;2008;P. PIPA;euros;394067
Rioja (La);2008;CIGARRILLOS;euros;71936712
Rioja (La);2008;CIGARROS;euros;6969730
Rioja (La);2008;P. LIAR;euros;281840
Rioja (La);2008;P. PIPA;euros;25260
Andalucía;2008;CIGARRILLOS;cantidad;820713638
Andalucía;2008;CIGARROS;cantidad;129118856
Andalucía;2008;P. LIAR;cantidad;13176690
Andalucía;2008;P. PIPA;cantidad;425484
Aragón;2008;CIGARRILLOS;cantidad;136572190
Aragón;2008;CIGARROS;cantidad;42766234
Aragón;2008;P. LIAR;cantidad;1152506
Aragón;2008;P. PIPA;cantidad;58962
Asturias (Principado de);2008;CIGARRILLOS;cantidad;101369798
Asturias (Principado de);2008;CIGARROS;cantidad;37387896
Asturias (Principado de);2008;P. LIAR;cantidad;423744
Asturias (Principado de);2008;P. PIPA;cantidad;45867
Balears (Illes);2008;CIGARRILLOS;cantidad;172302011
Balears (Illes);2008;CIGARROS;cantidad;28993033
Balears (Illes);2008;P. LIAR;cantidad;10514803
Balears (Illes);2008;P. PIPA;cantidad;205679
Cantabria;2008;CIGARRILLOS;cantidad;57314259
Cantabria;2008;CIGARROS;cantidad;20914398
Cantabria;2008;P. LIAR;cantidad;574667
Cantabria;2008;P. PIPA;cantidad;20888
Castilla y León;2008;CIGARRILLOS;cantidad;232342698
Castilla y León;2008;CIGARROS;cantidad;97101188
Castilla y León;2008;P. LIAR;cantidad;1193518
Castilla y León;2008;P. PIPA;cantidad;93419
Castilla-La Mancha;2008;CIGARRILLOS;cantidad;200716578
Castilla-La Mancha;2008;CIGARROS;cantidad;46433545
Castilla-La Mancha;2008;P. LIAR;cantidad;779805
Castilla-La Mancha;2008;P. PIPA;cantidad;47841
Cataluña;2008;CIGARRILLOS;cantidad;848745584
Cataluña;2008;CIGARROS;cantidad;235148464
Cataluña;2008;P. LIAR;cantidad;23412303
Cataluña;2008;P. PIPA;cantidad;807700
Comunidad Valenciana;2008;CIGARRILLOS;cantidad;568499279
Comunidad Valenciana;2008;CIGARROS;cantidad;95945671
Comunidad Valenciana;2008;P. LIAR;cantidad;22863044
Comunidad Valenciana;2008;P. PIPA;cantidad;353519
Extremadura;2008;CIGARRILLOS;cantidad;110932112
Extremadura;2008;CIGARROS;cantidad;28420483
Extremadura;2008;P. LIAR;cantidad;580348
Extremadura;2008;P. PIPA;cantidad;27293
Galicia;2008;CIGARRILLOS;cantidad;226618601
Galicia;2008;CIGARROS;cantidad;58858379
Galicia;2008;P. LIAR;cantidad;1585617
Galicia;2008;P. PIPA;cantidad;72264
Madrid (Comunidad de);2008;CIGARRILLOS;cantidad;540240837
Madrid (Comunidad de);2008;CIGARROS;cantidad;99101735
Madrid (Comunidad de);2008;P. LIAR;cantidad;2840727
Madrid (Comunidad de);2008;P. PIPA;cantidad;335549
Murcia (Región de);2008;CIGARRILLOS;cantidad;150003535
Murcia (Región de);2008;CIGARROS;cantidad;24214629
Murcia (Región de);2008;P. LIAR;cantidad;1948792
Murcia (Región de);2008;P. PIPA;cantidad;55946
Navarra (Comunidad Foral de);2008;CIGARRILLOS;cantidad;89725633
Navarra (Comunidad Foral de);2008;CIGARROS;cantidad;41039778
Navarra (Comunidad Foral de);2008;P. LIAR;cantidad;2352936
Navarra (Comunidad Foral de);2008;P. PIPA;cantidad;72770
País Vasco;2008;CIGARRILLOS;cantidad;230469404
País Vasco;2008;CIGARROS;cantidad;126486322
País Vasco;2008;P. LIAR;cantidad;4665770
País Vasco;2008;P. PIPA;cantidad;130330
Rioja (La);2008;CIGARRILLOS;cantidad;27875188
Rioja (La);2008;CIGARROS;cantidad;16788446
Rioja (La);2008;P. LIAR;cantidad;116226
Rioja (La);2008;P. PIPA;cantidad;7625
Andalucía;2007;CIGARRILLOS;euros;2030293426
Andalucía;2007;CIGARROS;euros;44494809
Andalucía;2007;P. LIAR;euros;32380779
Andalucía;2007;P. PIPA;euros;1286419
Aragón;2007;CIGARRILLOS;euros;328625003
Aragón;2007;CIGARROS;euros;16195429
Aragón;2007;P. LIAR;euros;2032212
Aragón;2007;P. PIPA;euros;182094
Asturias (Principado de);2007;CIGARRILLOS;euros;241830226
Asturias (Principado de);2007;CIGARROS;euros;13451853
Asturias (Principado de);2007;P. LIAR;euros;740649
Asturias (Principado de);2007;P. PIPA;euros;151791
Balears (Illes);2007;CIGARRILLOS;euros;463144294
Balears (Illes);2007;CIGARROS;euros;14314257
Balears (Illes);2007;P. LIAR;euros;30570695
Balears (Illes);2007;P. PIPA;euros;784015
Cantabria;2007;CIGARRILLOS;euros;141623887
Cantabria;2007;CIGARROS;euros;8460796
Cantabria;2007;P. LIAR;euros;1876164
Cantabria;2007;P. PIPA;euros;75751
Castilla y León;2007;CIGARRILLOS;euros;548278546
Castilla y León;2007;CIGARROS;euros;36742601
Castilla y León;2007;P. LIAR;euros;1856149
Castilla y León;2007;P. PIPA;euros;267431
Castilla-La Mancha;2007;CIGARRILLOS;euros;479598931
Castilla-La Mancha;2007;CIGARROS;euros;17690106
Castilla-La Mancha;2007;P. LIAR;euros;961615
Castilla-La Mancha;2007;P. PIPA;euros;114656
Cataluña;2007;CIGARRILLOS;euros;2122352881
Cataluña;2007;CIGARROS;euros;91902671
Cataluña;2007;P. LIAR;euros;54634353
Cataluña;2007;P. PIPA;euros;2327751
Comunidad Valenciana;2007;CIGARRILLOS;euros;1424603797
Comunidad Valenciana;2007;CIGARROS;euros;37646566
Comunidad Valenciana;2007;P. LIAR;euros;56478457
Comunidad Valenciana;2007;P. PIPA;euros;1298022
Extremadura;2007;CIGARRILLOS;euros;260379498
Extremadura;2007;CIGARROS;euros;8634769
Extremadura;2007;P. LIAR;euros;712927
Extremadura;2007;P. PIPA;euros;77083
Galicia;2007;CIGARRILLOS;euros;544618633
Galicia;2007;CIGARROS;euros;21685890
Galicia;2007;P. LIAR;euros;2904138
Galicia;2007;P. PIPA;euros;238408
Madrid (Comunidad de);2007;CIGARRILLOS;euros;1327667109
Madrid (Comunidad de);2007;CIGARROS;euros;47809206
Madrid (Comunidad de);2007;P. LIAR;euros;4691641
Madrid (Comunidad de);2007;P. PIPA;euros;957469
Murcia (Región de);2007;CIGARRILLOS;euros;386451304
Murcia (Región de);2007;CIGARROS;euros;11300158
Murcia (Región de);2007;P. LIAR;euros;4561238
Murcia (Región de);2007;P. PIPA;euros;179133
Navarra (Comunidad Foral de);2007;CIGARRILLOS;euros;217683543
Navarra (Comunidad Foral de);2007;CIGARROS;euros;14959317
Navarra (Comunidad Foral de);2007;P. LIAR;euros;4796459
Navarra (Comunidad Foral de);2007;P. PIPA;euros;206163
País Vasco;2007;CIGARRILLOS;euros;564874459
País Vasco;2007;CIGARROS;euros;51364735
País Vasco;2007;P. LIAR;euros;10003170
País Vasco;2007;P. PIPA;euros;387542
Rioja (La);2007;CIGARRILLOS;euros;65573938
Rioja (La);2007;CIGARROS;euros;7127365
Rioja (La);2007;P. LIAR;euros;241342
Rioja (La);2007;P. PIPA;euros;26620
Andalucía;2007;CIGARRILLOS;cantidad;812241737
Andalucía;2007;CIGARROS;cantidad;124729728
Andalucía;2007;P. LIAR;cantidad;9401989
Andalucía;2007;P. PIPA;cantidad;357048
Aragón;2007;CIGARRILLOS;cantidad;132182981
Aragón;2007;CIGARROS;cantidad;42184830
Aragón;2007;P. LIAR;cantidad;840723
Aragón;2007;P. PIPA;cantidad;54329
Asturias (Principado de);2007;CIGARRILLOS;cantidad;97775754
Asturias (Principado de);2007;CIGARROS;cantidad;35809709
Asturias (Principado de);2007;P. LIAR;cantidad;307649
Asturias (Principado de);2007;P. PIPA;cantidad;44588
Balears (Illes);2007;CIGARRILLOS;cantidad;178996010
Balears (Illes);2007;CIGARROS;cantidad;30548180
Balears (Illes);2007;P. LIAR;cantidad;8551693
Balears (Illes);2007;P. PIPA;cantidad;201177
Cantabria;2007;CIGARRILLOS;cantidad;56449793
Cantabria;2007;CIGARROS;cantidad;20785075
Cantabria;2007;P. LIAR;cantidad;600008
Cantabria;2007;P. PIPA;cantidad;22567
Castilla y León;2007;CIGARRILLOS;cantidad;220614962
Castilla y León;2007;CIGARROS;cantidad;96069290
Castilla y León;2007;P. LIAR;cantidad;805639
Castilla y León;2007;P. PIPA;cantidad;80368
Castilla-La Mancha;2007;CIGARRILLOS;cantidad;192958208
Castilla-La Mancha;2007;CIGARROS;cantidad;45443242
Castilla-La Mancha;2007;P. LIAR;cantidad;439488
Castilla-La Mancha;2007;P. PIPA;cantidad;35255
Cataluña;2007;CIGARRILLOS;cantidad;844082171
Cataluña;2007;CIGARROS;cantidad;226551083
Cataluña;2007;P. LIAR;cantidad;17698099
Cataluña;2007;P. PIPA;cantidad;705341
Comunidad Valenciana;2007;CIGARRILLOS;cantidad;568852373
Comunidad Valenciana;2007;CIGARROS;cantidad;93539209
Comunidad Valenciana;2007;P. LIAR;cantidad;16051466
Comunidad Valenciana;2007;P. PIPA;cantidad;359986
Extremadura;2007;CIGARRILLOS;cantidad;106838544
Extremadura;2007;CIGARROS;cantidad;26925502
Extremadura;2007;P. LIAR;cantidad;312488
Extremadura;2007;P. PIPA;cantidad;23775
Galicia;2007;CIGARRILLOS;cantidad;219972219
Galicia;2007;CIGARROS;cantidad;57173246
Galicia;2007;P. LIAR;cantidad;1150204
Galicia;2007;P. PIPA;cantidad;69668
Madrid (Comunidad de);2007;CIGARRILLOS;cantidad;529755032
Madrid (Comunidad de);2007;CIGARROS;cantidad;98822638
Madrid (Comunidad de);2007;P. LIAR;cantidad;1859987
Madrid (Comunidad de);2007;P. PIPA;cantidad;276209
Murcia (Región de);2007;CIGARRILLOS;cantidad;151787393
Murcia (Región de);2007;CIGARROS;cantidad;23042159
Murcia (Región de);2007;P. LIAR;cantidad;1306100
Murcia (Región de);2007;P. PIPA;cantidad;50579
Navarra (Comunidad Foral de);2007;CIGARRILLOS;cantidad;88608344
Navarra (Comunidad Foral de);2007;CIGARROS;cantidad;39528422
Navarra (Comunidad Foral de);2007;P. LIAR;cantidad;1879981
Navarra (Comunidad Foral de);2007;P. PIPA;cantidad;68203
País Vasco;2007;CIGARRILLOS;cantidad;227715567
País Vasco;2007;CIGARROS;cantidad;124985102
País Vasco;2007;P. LIAR;cantidad;3679360
País Vasco;2007;P. PIPA;cantidad;122590
Rioja (La);2007;CIGARRILLOS;cantidad;26307156
Rioja (La);2007;CIGARROS;cantidad;16355320
Rioja (La);2007;P. LIAR;cantidad;85120
Rioja (La);2007;P. PIPA;cantidad;7855
Andalucía;2006;CIGARRILLOS;euros;1848955654
Andalucía;2006;CIGARROS;euros;42314350
Andalucía;2006;P. LIAR;euros;29173338
Andalucía;2006;P. PIPA;euros;1254925
Aragón;2006;CIGARRILLOS;euros;291323568
Aragón;2006;CIGARROS;euros;15284478
Aragón;2006;P. LIAR;euros;1717193
Aragón;2006;P. PIPA;euros;160826
Asturias (Principado de);2006;CIGARRILLOS;euros;218879000
Asturias (Principado de);2006;CIGARROS;euros;12892697
Asturias (Principado de);2006;P. LIAR;euros;632408
Asturias (Principado de);2006;P. PIPA;euros;139014
Balears (Illes);2006;CIGARRILLOS;euros;428918667
Balears (Illes);2006;CIGARROS;euros;13748212
Balears (Illes);2006;P. LIAR;euros;27636369
Balears (Illes);2006;P. PIPA;euros;790915
Cantabria;2006;CIGARRILLOS;euros;128837542
Cantabria;2006;CIGARROS;euros;7839477
Cantabria;2006;P. LIAR;euros;1439247
Cantabria;2006;P. PIPA;euros;78206
Castilla y León;2006;CIGARRILLOS;euros;507741451
Castilla y León;2006;CIGARROS;euros;34987596
Castilla y León;2006;P. LIAR;euros;1422046
Castilla y León;2006;P. PIPA;euros;237517
Castilla-La Mancha;2006;CIGARRILLOS;euros;422410684
Castilla-La Mancha;2006;CIGARROS;euros;16428482
Castilla-La Mancha;2006;P. LIAR;euros;692666
Castilla-La Mancha;2006;P. PIPA;euros;100839
Cataluña;2006;CIGARRILLOS;euros;1944695713
Cataluña;2006;CIGARROS;euros;88398218
Cataluña;2006;P. LIAR;euros;44926551
Cataluña;2006;P. PIPA;euros;2089695
Comunidad Valenciana;2006;CIGARRILLOS;euros;1283103818
Comunidad Valenciana;2006;CIGARROS;euros;36269721
Comunidad Valenciana;2006;P. LIAR;euros;48902159
Comunidad Valenciana;2006;P. PIPA;euros;1220962
Extremadura;2006;CIGARRILLOS;euros;232377647
Extremadura;2006;CIGARROS;euros;8371335
Extremadura;2006;P. LIAR;euros;526602
Extremadura;2006;P. PIPA;euros;68366
Galicia;2006;CIGARRILLOS;euros;499638065
Galicia;2006;CIGARROS;euros;20558022
Galicia;2006;P. LIAR;euros;2236154
Galicia;2006;P. PIPA;euros;221472
Madrid (Comunidad de);2006;CIGARRILLOS;euros;1197214045
Madrid (Comunidad de);2006;CIGARROS;euros;44445681
Madrid (Comunidad de);2006;P. LIAR;euros;3584897
Madrid (Comunidad de);2006;P. PIPA;euros;893931
Murcia (Región de);2006;CIGARRILLOS;euros;342376319
Murcia (Región de);2006;CIGARROS;euros;10578683
Murcia (Región de);2006;P. LIAR;euros;3835343
Murcia (Región de);2006;P. PIPA;euros;162554
Navarra (Comunidad Foral de);2006;CIGARRILLOS;euros;205094502
Navarra (Comunidad Foral de);2006;CIGARROS;euros;14062892
Navarra (Comunidad Foral de);2006;P. LIAR;euros;4259244
Navarra (Comunidad Foral de);2006;P. PIPA;euros;175349
País Vasco;2006;CIGARRILLOS;euros;540529513
País Vasco;2006;CIGARROS;euros;49998914
País Vasco;2006;P. LIAR;euros;9090978
País Vasco;2006;P. PIPA;euros;370743
Rioja (La);2006;CIGARRILLOS;euros;61691851
Rioja (La);2006;CIGARROS;euros;6533774
Rioja (La);2006;P. LIAR;euros;144448
Rioja (La);2006;P. PIPA;euros;22075
Andalucía;2006;CIGARRILLOS;cantidad;822519900
Andalucía;2006;CIGARROS;cantidad;112830464
Andalucía;2006;P. LIAR;cantidad;8311533
Andalucía;2006;P. PIPA;cantidad;351519
Aragón;2006;CIGARRILLOS;cantidad;130738747
Aragón;2006;CIGARROS;cantidad;38699659
Aragón;2006;P. LIAR;cantidad;693730
Aragón;2006;P. PIPA;cantidad;48669
Asturias (Principado de);2006;CIGARRILLOS;cantidad;98552435
Asturias (Principado de);2006;CIGARROS;cantidad;33478824
Asturias (Principado de);2006;P. LIAR;cantidad;256239
Asturias (Principado de);2006;P. PIPA;cantidad;42599
Balears (Illes);2006;CIGARRILLOS;cantidad;177794843
Balears (Illes);2006;CIGARROS;cantidad;29275012
Balears (Illes);2006;P. LIAR;cantidad;7746777
Balears (Illes);2006;P. PIPA;cantidad;201182
Cantabria;2006;CIGARRILLOS;cantidad;56789904
Cantabria;2006;CIGARROS;cantidad;19535377
Cantabria;2006;P. LIAR;cantidad;458109
Cantabria;2006;P. PIPA;cantidad;23205
Castilla y León;2006;CIGARRILLOS;cantidad;227433669
Castilla y León;2006;CIGARROS;cantidad;90955876
Castilla y León;2006;P. LIAR;cantidad;604466
Castilla y León;2006;P. PIPA;cantidad;70818
Castilla-La Mancha;2006;CIGARRILLOS;cantidad;189133876
Castilla-La Mancha;2006;CIGARROS;cantidad;41393079
Castilla-La Mancha;2006;P. LIAR;cantidad;315142
Castilla-La Mancha;2006;P. PIPA;cantidad;30771
Cataluña;2006;CIGARRILLOS;cantidad;858458054
Cataluña;2006;CIGARROS;cantidad;218271557
Cataluña;2006;P. LIAR;cantidad;14533922
Cataluña;2006;P. PIPA;cantidad;624582
Comunidad Valenciana;2006;CIGARRILLOS;cantidad;565771618
Comunidad Valenciana;2006;CIGARROS;cantidad;87167383
Comunidad Valenciana;2006;P. LIAR;cantidad;13867600
Comunidad Valenciana;2006;P. PIPA;cantidad;336763
Extremadura;2006;CIGARRILLOS;cantidad;106843233
Extremadura;2006;CIGARROS;cantidad;24346894
Extremadura;2006;P. LIAR;cantidad;223142
Extremadura;2006;P. PIPA;cantidad;20791
Galicia;2006;CIGARRILLOS;cantidad;226390797
Galicia;2006;CIGARROS;cantidad;53577254
Galicia;2006;P. LIAR;cantidad;894863
Galicia;2006;P. PIPA;cantidad;66061
Madrid (Comunidad de);2006;CIGARRILLOS;cantidad;532496906
Madrid (Comunidad de);2006;CIGARROS;cantidad;90132937
Madrid (Comunidad de);2006;P. LIAR;cantidad;1397159
Madrid (Comunidad de);2006;P. PIPA;cantidad;257926
Murcia (Región de);2006;CIGARRILLOS;cantidad;148154197
Murcia (Región de);2006;CIGARROS;cantidad;21038070
Murcia (Región de);2006;P. LIAR;cantidad;1092933
Murcia (Región de);2006;P. PIPA;cantidad;46927
Navarra (Comunidad Foral de);2006;CIGARRILLOS;cantidad;93799971
Navarra (Comunidad Foral de);2006;CIGARROS;cantidad;38388310
Navarra (Comunidad Foral de);2006;P. LIAR;cantidad;1704564
Navarra (Comunidad Foral de);2006;P. PIPA;cantidad;60529
País Vasco;2006;CIGARRILLOS;cantidad;242584723
País Vasco;2006;CIGARROS;cantidad;121330059
País Vasco;2006;P. LIAR;cantidad;3294751
País Vasco;2006;P. PIPA;cantidad;114960
Rioja (La);2006;CIGARRILLOS;cantidad;27415950
Rioja (La);2006;CIGARROS;cantidad;15068973
Rioja (La);2006;P. LIAR;cantidad;53189
Rioja (La);2006;P. PIPA;cantidad;6328
Andalucía;2005;CIGARRILLOS;euros;1852650908
Andalucía;2005;CIGARROS;euros;46164613
Andalucía;2005;P. LIAR;euros;29269013
Andalucía;2005;P. PIPA;euros;1292607
Aragón;2005;CIGARRILLOS;euros;292564291
Aragón;2005;CIGARROS;euros;16420646
Aragón;2005;P. LIAR;euros;1736310
Aragón;2005;P. PIPA;euros;177283
Asturias (Principado de);2005;CIGARRILLOS;euros;222053162
Asturias (Principado de);2005;CIGARROS;euros;12571923
Asturias (Principado de);2005;P. LIAR;euros;592613
Asturias (Principado de);2005;P. PIPA;euros;141698
Balears (Illes);2005;CIGARRILLOS;euros;459611933
Balears (Illes);2005;CIGARROS;euros;15489125
Balears (Illes);2005;P. LIAR;euros;31317957
Balears (Illes);2005;P. PIPA;euros;840215
Cantabria;2005;CIGARRILLOS;euros;131080464
Cantabria;2005;CIGARROS;euros;7837596
Cantabria;2005;P. LIAR;euros;1419449
Cantabria;2005;P. PIPA;euros;76840
Castilla y León;2005;CIGARRILLOS;euros;500879689
Castilla y León;2005;CIGARROS;euros;36029268
Castilla y León;2005;P. LIAR;euros;1317760
Castilla y León;2005;P. PIPA;euros;232181
Castilla-La Mancha;2005;CIGARRILLOS;euros;412210816
Castilla-La Mancha;2005;CIGARROS;euros;17903660
Castilla-La Mancha;2005;P. LIAR;euros;624457
Castilla-La Mancha;2005;P. PIPA;euros;98656
Cataluña;2005;CIGARRILLOS;euros;1978556067
Cataluña;2005;CIGARROS;euros;99803049
Cataluña;2005;P. LIAR;euros;43682842
Cataluña;2005;P. PIPA;euros;2074048
Comunidad Valenciana;2005;CIGARRILLOS;euros;1301947801
Comunidad Valenciana;2005;CIGARROS;euros;41298260
Comunidad Valenciana;2005;P. LIAR;euros;49777138
Comunidad Valenciana;2005;P. PIPA;euros;1276412
Extremadura;2005;CIGARRILLOS;euros;225452183
Extremadura;2005;CIGARROS;euros;8713397
Extremadura;2005;P. LIAR;euros;398167
Extremadura;2005;P. PIPA;euros;61636
Galicia;2005;CIGARRILLOS;euros;492954807
Galicia;2005;CIGARROS;euros;21239639
Galicia;2005;P. LIAR;euros;1890347
Galicia;2005;P. PIPA;euros;225130
Madrid (Comunidad de);2005;CIGARRILLOS;euros;1216690445
Madrid (Comunidad de);2005;CIGARROS;euros;47596771
Madrid (Comunidad de);2005;P. LIAR;euros;3872509
Madrid (Comunidad de);2005;P. PIPA;euros;899944
Murcia (Región de);2005;CIGARRILLOS;euros;339162148
Murcia (Región de);2005;CIGARROS;euros;11394365
Murcia (Región de);2005;P. LIAR;euros;3879220
Murcia (Región de);2005;P. PIPA;euros;158088
Navarra (Comunidad Foral de);2005;CIGARRILLOS;euros;201861117
Navarra (Comunidad Foral de);2005;CIGARROS;euros;15944847
Navarra (Comunidad Foral de);2005;P. LIAR;euros;3886099
Navarra (Comunidad Foral de);2005;P. PIPA;euros;185788
País Vasco;2005;CIGARRILLOS;euros;555787201
País Vasco;2005;CIGARROS;euros;52251148
País Vasco;2005;P. LIAR;euros;8743722
País Vasco;2005;P. PIPA;euros;346414
Rioja (La);2005;CIGARRILLOS;euros;60179335
Rioja (La);2005;CIGARROS;euros;6576781
Rioja (La);2005;P. LIAR;euros;118956
Rioja (La);2005;P. PIPA;euros;20450
Andalucía;2005;CIGARRILLOS;cantidad;843452099
Andalucía;2005;CIGARROS;cantidad;122060004
Andalucía;2005;P. LIAR;cantidad;8757982
Andalucía;2005;P. PIPA;cantidad;382762
Aragón;2005;CIGARRILLOS;cantidad;133722689
Aragón;2005;CIGARROS;cantidad;41527581
Aragón;2005;P. LIAR;cantidad;722168
Aragón;2005;P. PIPA;cantidad;55778
Asturias (Principado de);2005;CIGARRILLOS;cantidad;100973643
Asturias (Principado de);2005;CIGARROS;cantidad;32650196
Asturias (Principado de);2005;P. LIAR;cantidad;249857
Asturias (Principado de);2005;P. PIPA;cantidad;45076
Balears (Illes);2005;CIGARRILLOS;cantidad;196156006
Balears (Illes);2005;CIGARROS;cantidad;34226955
Balears (Illes);2005;P. LIAR;cantidad;9396511
Balears (Illes);2005;P. PIPA;cantidad;230483
Cantabria;2005;CIGARRILLOS;cantidad;57991713
Cantabria;2005;CIGARROS;cantidad;19815815
Cantabria;2005;P. LIAR;cantidad;459811
Cantabria;2005;P. PIPA;cantidad;23966
Castilla y León;2005;CIGARRILLOS;cantidad;226070185
Castilla y León;2005;CIGARROS;cantidad;93131759
Castilla y León;2005;P. LIAR;cantidad;555923
Castilla y León;2005;P. PIPA;cantidad;72440
Castilla-La Mancha;2005;CIGARRILLOS;cantidad;189396515
Castilla-La Mancha;2005;CIGARROS;cantidad;44293567
Castilla-La Mancha;2005;P. LIAR;cantidad;288298
Castilla-La Mancha;2005;P. PIPA;cantidad;31663
Cataluña;2005;CIGARRILLOS;cantidad;888711122
Cataluña;2005;CIGARROS;cantidad;246646775
Cataluña;2005;P. LIAR;cantidad;14487050
Cataluña;2005;P. PIPA;cantidad;647968
Comunidad Valenciana;2005;CIGARRILLOS;cantidad;589510066
Comunidad Valenciana;2005;CIGARROS;cantidad;96290872
Comunidad Valenciana;2005;P. LIAR;cantidad;15033216
Comunidad Valenciana;2005;P. PIPA;cantidad;369402
Extremadura;2005;CIGARRILLOS;cantidad;107300064
Extremadura;2005;CIGARROS;cantidad;24397418
Extremadura;2005;P. LIAR;cantidad;174339
Extremadura;2005;P. PIPA;cantidad;19970
Galicia;2005;CIGARRILLOS;cantidad;226899084
Galicia;2005;CIGARROS;cantidad;53222036
Galicia;2005;P. LIAR;cantidad;806840
Galicia;2005;P. PIPA;cantidad;69765
Madrid (Comunidad de);2005;CIGARRILLOS;cantidad;547698059
Madrid (Comunidad de);2005;CIGARROS;cantidad;97162259
Madrid (Comunidad de);2005;P. LIAR;cantidad;1438271
Madrid (Comunidad de);2005;P. PIPA;cantidad;274542
Murcia (Región de);2005;CIGARRILLOS;cantidad;149028405
Murcia (Región de);2005;CIGARROS;cantidad;22883251
Murcia (Región de);2005;P. LIAR;cantidad;1172018
Murcia (Región de);2005;P. PIPA;cantidad;48096
Navarra (Comunidad Foral de);2005;CIGARRILLOS;cantidad;95494852
Navarra (Comunidad Foral de);2005;CIGARROS;cantidad;44171782
Navarra (Comunidad Foral de);2005;P. LIAR;cantidad;1590097
Navarra (Comunidad Foral de);2005;P. PIPA;cantidad;65540
País Vasco;2005;CIGARRILLOS;cantidad;255634992
País Vasco;2005;CIGARROS;cantidad;130926613
País Vasco;2005;P. LIAR;cantidad;3187236
País Vasco;2005;P. PIPA;cantidad;111742
Rioja (La);2005;CIGARRILLOS;cantidad;26937319
Rioja (La);2005;CIGARROS;cantidad;15542955
Rioja (La);2005;P. LIAR;cantidad;46722
Rioja (La);2005;P. PIPA;cantidad;6151
